iso,year,data_source,country_name,ims_both_sex,ims_male,ims_female,totalpop_both_in_thou,totalpop_male_in_though,totalpop_female_in_thou,ims_percent_totalpop_both_sex,ims_percent_totalpop_male,ims_percent_totalpop_female,female_migrants_perc_ims,estimated_refugee_stock_incl_asylum_seekers_both_sexes,refugees_asylum_seekers_perc_ims
AFG,2010,UNDESA,Afghanistan,102246,57709,44537,29185.51,14935.76,14249.76,0.35,0.39,0.31,43.56,6434,6.29
ARM,2010,UNDESA,Armenia,211147,85669,125478,2877.32,1346.35,1530.96,7.34,6.36,8.2,59.43,3319,1.57
AUS,2010,UNDESA,Australia,5882980,2922030,2960950,22154.68,11079.37,11075.32,26.55,26.37,26.73,50.33,25505,0.43
AZE,2010,UNDESA,Azerbaijan,276901,129512,147389,9032.46,4475.09,4557.38,3.07,2.89,3.23,53.23,1908,0.69
BGD,2010,UNDESA,Bangladesh,1345546,710548,634998,147575.43,75015.69,72559.74,0.91,0.95,0.88,47.19,229253,17.04
BTN,2010,UNDESA,Bhutan,48420,39283,9137,685.5,360.08,325.42,7.06,10.91,2.81,18.87,0,0
BRN,2010,UNDESA,Brunei Darussalam,100587,56723,43864,388.65,200.72,187.92,25.88,28.26,23.34,43.61,0,0
KHM,2010,UNDESA,Cambodia,81977,43385,38592,14312.21,6972.05,7340.16,0.57,0.62,0.53,47.08,129,0.16
CHN,2010,UNDESA,China,849861,505758,344103,1391998.17,715068.26,676929.9,0.06,0.07,0.05,40.49,300986,35.42
HKG,2010,UNDESA,"China, Hong Kong SAR",2779950,1147539,1632411,6966.33,3276.53,3689.8,39.91,35.02,44.24,58.72,154,0.01
TWN,2010,UNDESA,"China, Taiwan Province of China",,,,23187.56,11654.24,11533.32,,,,,,
COK,2010,UNDESA,Cook Islands,3769,1895,1874,18.39,,,20.49,,,49.72,0,0
FJI,2010,UNDESA,Fiji,13351,7137,6214,859.82,438.94,420.87,1.55,1.63,1.48,46.54,1,0.01
GEO,2010,UNDESA,Georgia,73034,31972,41062,4099.1,1953.01,2146.09,1.78,1.64,1.91,56.22,639,0.87
IND,2010,UNDESA,India,5439758,2789748,2650010,1234281.17,642164.18,592116.98,0.44,0.43,0.45,48.72,188567,3.47
IDN,2010,UNDESA,Indonesia,305416,174864,130552,241834.22,121820.51,120013.72,0.13,0.14,0.11,42.75,811,0.27
JPN,2010,UNDESA,Japan,2134151,972481,1161670,128542.35,62874.51,65667.84,1.66,1.55,1.77,54.43,2586,0.12
KAZ,2010,UNDESA,Kazakhstan,3334937,1625155,1709782,16252.28,7855.52,8396.76,20.52,20.69,20.36,51.27,4720,0.14
KIR,2010,UNDESA,Kiribati,2868,1512,1356,102.93,50.65,52.28,2.79,2.99,2.59,47.28,0,0
KGZ,2010,UNDESA,Kyrgyzstan,232065,94596,137469,5422.29,2679.68,2742.62,4.28,3.53,5.01,59.24,3012,1.3
LAO,2010,UNDESA,Lao People's Democratic Republic,32955,20133,12822,6249.17,3099.43,3149.74,0.53,0.65,0.41,38.91,0,0
MYS,2010,UNDESA,Malaysia,2417395,1469977,947418,28208.04,14550.13,13657.9,8.57,10.1,6.94,39.19,92855,3.84
MDV,2010,UNDESA,Maldives,54659,41712,12947,365.73,198.7,167.03,14.95,20.99,7.75,23.69,0,0
MHL,2010,UNDESA,Marshall Islands,3089,1895,1194,56.37,,,5.48,,,38.65,0,0
FSM,2010,UNDESA,Micronesia (Fed. States of),2806,1503,1303,102.91,52.24,50.68,2.73,2.88,2.57,46.44,1,0.04
MNG,2010,UNDESA,Mongolia,16062,11880,4182,2719.9,1348.96,1370.94,0.59,0.88,0.31,26.04,13,0.08
MMR,2010,UNDESA,Myanmar,76414,41574,34840,50600.82,24398.51,26202.32,0.15,0.17,0.13,45.59,0,0
NRU,2010,UNDESA,Nauru,1183,653,530,10.01,,,11.82,,,44.8,277,23.42
NPL,2010,UNDESA,Nepal,578657,189518,389139,27013.21,13296.61,13716.6,2.14,1.43,2.84,67.25,87514,15.12
NZL,2010,UNDESA,New Zealand,947443,459047,488396,4370.06,2145.76,2224.3,21.68,21.39,21.96,51.55,2307,0.24
NIU,2010,UNDESA,Niue,589,319,270,1.62,,,36.4,,,45.84,0,0
PAK,2010,UNDESA,Pakistan,3941586,2074443,1867143,179424.64,92426.99,86997.65,2.2,2.24,2.15,47.37,1900621,48.22
PLW,2010,UNDESA,Palau,5490,3211,2279,17.96,,,30.58,,,41.51,0,0
PNG,2010,UNDESA,Papua New Guinea,30425,18466,11959,7310.51,3719.82,3590.69,0.42,0.5,0.33,39.31,9699,31.88
PHL,2010,UNDESA,Philippines,208599,107933,100666,93966.78,47397.71,46569.08,0.22,0.23,0.22,48.26,316,0.15
KOR,2010,UNDESA,Republic of Korea,919987,525395,394592,49545.64,24824.63,24721.01,1.86,2.12,1.6,42.89,1070,0.12
WSM,2010,UNDESA,Samoa,5122,2594,2528,185.95,95.98,89.97,2.75,2.7,2.81,49.36,0,0
SGP,2010,UNDESA,Singapore,2164794,956856,1207938,5131.17,2675.14,2456.03,42.19,35.77,49.18,55.8,7,0
SLB,2010,UNDESA,Solomon Islands,2760,1546,1214,527.86,268.19,259.68,0.52,0.58,0.47,43.99,0,0
LKA,2010,UNDESA,Sri Lanka,38959,20694,18265,20261.74,9866.31,10395.43,0.19,0.21,0.18,46.88,361,0.93
TJK,2010,UNDESA,Tajikistan,279808,121780,158028,7527.39,3797.84,3729.56,3.72,3.21,4.24,56.48,4787,1.71
THA,2010,UNDESA,Thailand,3224131,1624755,1599376,67195.03,32931.28,34263.75,4.8,4.93,4.67,49.61,96675,3
TLS,2010,UNDESA,Timor-Leste,11540,5837,5703,1093.52,552.74,540.78,1.06,1.06,1.05,49.42,5,0.04
TON,2010,UNDESA,Tonga,4604,2500,2104,103.99,52.13,51.85,4.43,4.8,4.06,45.7,0,0
TKM,2010,UNDESA,Turkmenistan,197979,90634,107345,5087.21,2502.51,2584.7,3.89,3.62,4.15,54.22,62,0.03
TUV,2010,UNDESA,Tuvalu,220,121,99,10.53,,,2.09,,,45,0,0
UZB,2010,UNDESA,Uzbekistan,1220149,558379,661770,28515.91,14182.21,14333.7,4.28,3.94,4.62,54.24,311,0.03
VUT,2010,UNDESA,Vanuatu,2991,1487,1504,236.21,119.93,116.28,1.27,1.24,1.29,50.28,4,0.13
VNM,2010,UNDESA,Viet Nam,61756,35971,25785,87967.65,43746.37,44221.29,0.07,0.08,0.06,41.75,1928,3.12
AFG,2015,UNDESA,Afghanistan,489749,248212,241537,34413.6,17686.17,16727.44,1.42,1.4,1.44,49.32,407953,83.3
ARM,2015,UNDESA,Armenia,191199,77436,113763,2925.55,1375.33,1550.23,6.54,5.63,7.34,59.5,19385,10.14
AUS,2015,UNDESA,Australia,6729730,3343330,3386400,23932.5,11925.36,12007.14,28.12,28.04,28.2,50.32,48005,0.71
AZE,2015,UNDESA,Azerbaijan,264241,126600,137641,9622.75,4788.51,4834.23,2.75,2.64,2.85,52.09,1380,0.52
BGD,2015,UNDESA,Bangladesh,1422805,752035,670770,156256.28,79217.16,77039.13,0.91,0.95,0.87,47.14,232584,16.35
BRN,2015,UNDESA,Brunei Darussalam,102733,58181,44552,414.91,215.83,199.09,24.76,26.96,22.38,43.37,0,0
BTN,2015,UNDESA,Bhutan,51106,43396,7710,727.88,384.02,343.87,7.02,11.3,2.24,15.09,0,0
CHN,2015,UNDESA,China,978046,600136,377910,1430405.35,734273.99,696131.35,0.07,0.08,0.05,38.64,301052,30.78
COK,2015,UNDESA,Cook Islands,3477,1741,1736,17.59,,,19.77,,,49.93,0,0
FJI,2015,UNDESA,Fiji,13751,7421,6330,868.63,441.37,427.26,1.58,1.68,1.48,46.03,20,0.15
FSM,2015,UNDESA,Micronesia (Fed. States of),2756,1473,1283,108.9,55.34,53.54,2.53,2.66,2.4,46.55,14,0.51
GEO,2015,UNDESA,Georgia,76685,33570,43115,4024.18,1921.75,2102.43,1.91,1.75,2.05,56.22,2712,3.54
HKG,2015,UNDESA,"China, Hong Kong SAR",2838665,1119957,1718708,7186,3333.37,3852.62,39.5,33.6,44.61,60.55,2448,0.09
IDN,2015,UNDESA,Indonesia,338124,196717,141407,258383.26,130132.84,128250.42,0.13,0.15,0.11,41.82,13548,4.01
IND,2015,UNDESA,India,5240960,2684680,2556280,1310152.4,681223.33,628929.06,0.4,0.39,0.41,48.78,207861,3.97
JPN,2015,UNDESA,Japan,2232189,1050070,1182119,127985.13,62536.75,65448.39,1.74,1.68,1.81,52.96,16305,0.73
KAZ,2015,UNDESA,Kazakhstan,3546060,1757828,1788232,17572.02,8507.89,9064.12,20.18,20.66,19.73,50.43,805,0.02
KGZ,2015,UNDESA,Kyrgyzstan,204382,82616,121766,5959.12,2948.49,3010.63,3.43,2.8,4.04,59.58,512,0.25
KHM,2015,UNDESA,Cambodia,73963,39854,34109,15521.44,7570.44,7950.99,0.48,0.53,0.43,46.12,104,0.14
KIR,2015,UNDESA,Kiribati,2919,1539,1380,110.93,54.49,56.44,2.63,2.82,2.45,47.28,0,0
KOR,2015,UNDESA,Republic of Korea,1143087,641400,501687,50823.09,25466.02,25357.06,2.25,2.52,1.98,43.89,6905,0.6
LAO,2015,UNDESA,Lao People's Democratic Republic,45538,29335,16203,6741.16,3381.01,3360.15,0.68,0.87,0.48,35.58,0,0
LKA,2015,UNDESA,Sri Lanka,39706,20745,18961,20908.03,10077.66,10830.36,0.19,0.21,0.18,47.75,1392,3.51
MDV,2015,UNDESA,Maldives,64273,56345,7928,454.92,271.37,183.55,14.13,20.76,4.32,12.33,0,0
MHL,2015,UNDESA,Marshall Islands,3284,2011,1273,57.44,,,5.72,,,38.76,0,0
MMR,2015,UNDESA,Myanmar,73309,40178,33131,52680.73,25391.58,27289.15,0.14,0.16,0.12,45.19,1,0
MNG,2015,UNDESA,Mongolia,19886,13284,6602,2998.44,1482.08,1516.36,0.66,0.9,0.44,33.2,15,0.08
MYS,2015,UNDESA,Malaysia,3280681,1996220,1284461,30270.96,15585.17,14685.8,10.84,12.81,8.75,39.15,154581,4.71
NIU,2015,UNDESA,Niue,588,319,269,1.62,,,36.32,,,45.75,0,0
NPL,2015,UNDESA,Nepal,509471,156361,353110,27015.03,12397.96,14617.07,1.89,1.26,2.42,69.31,32684,6.42
NRU,2015,UNDESA,Nauru,1890,1071,819,10.38,,,18.2,,,43.33,865,45.77
NZL,2015,UNDESA,New Zealand,1039736,502787,536949,4614.53,2268.96,2345.57,22.53,22.16,22.89,51.64,1622,0.16
PAK,2015,UNDESA,Pakistan,3506520,1845470,1661050,199426.96,102640.69,96786.26,1.76,1.8,1.72,47.37,1567604,44.71
PHL,2015,UNDESA,Philippines,211862,109783,102079,102113.21,51388.76,50724.45,0.21,0.21,0.2,48.18,479,0.23
PLW,2015,UNDESA,Palau,4937,2996,1941,17.67,,,27.95,,,39.32,1,0.02
PNG,2015,UNDESA,Papua New Guinea,30940,18734,12206,8107.78,4134.39,3973.38,0.38,0.45,0.31,39.45,9955,32.18
SGP,2015,UNDESA,Singapore,2543638,1122986,1420652,5592.15,2926.48,2665.66,45.49,38.37,53.29,55.85,1,0
SLB,2015,UNDESA,Solomon Islands,2585,1450,1135,603.12,306.58,296.56,0.43,0.47,0.38,43.91,3,0.12
THA,2015,UNDESA,Thailand,3486526,1751187,1735339,68714.51,33559.47,35155.05,5.07,5.22,4.94,49.77,132838,3.81
TJK,2015,UNDESA,Tajikistan,275101,118639,156462,8454.03,4265.34,4188.68,3.25,2.78,3.74,56.87,2257,0.82
TKM,2015,UNDESA,Turkmenistan,196376,91531,104845,5565.29,2740.07,2825.21,3.53,3.34,3.71,53.39,26,0.01
TLS,2015,UNDESA,Timor-Leste,8520,5148,3372,1196.3,604.74,591.56,0.71,0.85,0.57,39.58,0,0
TON,2015,UNDESA,Tonga,3954,2158,1796,100.78,50.37,50.41,3.92,4.28,3.56,45.42,0,0
TUV,2015,UNDESA,Tuvalu,230,126,104,11.1,,,2.07,,,45.22,0,0
UZB,2015,UNDESA,Uzbekistan,1170873,545721,625152,30929.56,15406.83,15522.72,3.79,3.54,4.03,53.39,107,0.01
VNM,2015,UNDESA,Viet Nam,72793,42168,30625,92677.08,46197.47,46479.62,0.08,0.09,0.07,42.07,0,0
VUT,2015,UNDESA,Vanuatu,3187,1583,1604,271.13,137.57,133.56,1.18,1.15,1.2,50.33,2,0.06
WSM,2015,UNDESA,Samoa,4252,2148,2104,193.51,100.04,93.47,2.2,2.15,2.25,49.48,0,0
TWN,2015,UNDESA,"China, Taiwan Province of China",,,,23557.47,11765.98,11791.49,,,,,,
AFG,2019,UNDESA,Afghanistan,149762,74974,74788,38041.75,19529.73,18512.03,0.39,0.38,0.4,49.94,76146,50.84
ARM,2019,UNDESA,Armenia,190159,78001,112158,2957.73,1391.27,1566.46,6.43,5.61,7.16,58.98,18022,9.48
AUS,2019,UNDESA,Australia,7549270,3744438,3804832,25203.2,12551.31,12651.89,29.95,29.83,30.07,50.4,96295,1.28
AZE,2019,UNDESA,Azerbaijan,253887,121640,132247,10047.72,5015.83,5031.89,2.53,2.43,2.63,52.09,1244,0.49
BGD,2019,UNDESA,Bangladesh,2185613,1124293,1061320,163046.16,82473.79,80572.38,1.34,1.36,1.32,48.56,932334,42.66
BTN,2019,UNDESA,Bhutan,53254,45220,8034,763.09,405.03,358.06,6.98,11.16,2.24,15.09,0,0
BRN,2019,UNDESA,Brunei Darussalam,110641,62660,47981,433.29,224.98,208.31,25.54,27.85,23.03,43.37,0,0
KHM,2019,UNDESA,Cambodia,78649,42379,36270,16486.54,8047.36,8439.18,0.48,0.53,0.43,46.12,114,0.14
CHN,2019,UNDESA,China,1030871,632550,398321,1457557.56,747448.38,710109.19,0.07,0.08,0.06,38.64,322383,31.27
HKG,2019,UNDESA,"China, Hong Kong SAR",2942254,1143329,1798925,7436.15,3418.49,4017.67,39.57,33.45,44.78,61.14,103,0
TWN,2019,UNDESA,"China, Taiwan Province of China",,,,,,,,,,,,
COK,2019,UNDESA,Cook Islands,3491,1748,1743,17.55,,,19.89,,,49.93,0,0
FJI,2019,UNDESA,Fiji,14038,7576,6462,889.95,450.96,439,1.58,1.68,1.47,46.03,19,0.14
GEO,2019,UNDESA,Georgia,79035,34583,44452,3996.77,1905.74,2091.02,1.98,1.81,2.13,56.24,2569,3.25
IND,2019,UNDESA,India,5154737,2640513,2514224,1366417.75,710129.57,656288.18,0.38,0.37,0.38,48.78,207619,4.03
IDN,2019,UNDESA,Indonesia,353135,205451,147684,270625.57,136269.76,134355.81,0.13,0.15,0.11,41.82,13789,3.9
JPN,2019,UNDESA,Japan,2498891,1208168,1290723,126860.3,61950.31,64909.99,1.97,1.95,1.99,51.65,33395,1.34
KAZ,2019,UNDESA,Kazakhstan,3705556,1836893,1868663,18551.43,8999.75,9551.67,19.97,20.41,19.56,50.43,807,0.02
KIR,2019,UNDESA,Kiribati,3022,1594,1428,117.61,57.82,59.79,2.57,2.76,2.39,47.25,0,0
KGZ,2019,UNDESA,Kyrgyzstan,200260,80945,119315,6415.85,3173.9,3241.95,3.12,2.55,3.68,59.58,430,0.21
LAO,2019,UNDESA,Lao People's Democratic Republic,48275,31099,17176,7169.46,3599.03,3570.43,0.67,0.86,0.48,35.58,0,0
MYS,2019,UNDESA,Malaysia,3430380,2097159,1333221,31949.78,16423.16,15526.63,10.74,12.77,8.59,38.87,151291,4.41
MDV,2019,UNDESA,Maldives,69249,60709,8540,530.95,336.07,194.89,13.04,18.06,4.38,12.33,0,0
MHL,2019,UNDESA,Marshall Islands,3296,2019,1277,58.79,,,5.61,,,38.74,0,0
FSM,2019,UNDESA,Micronesia (Fed. States of),2819,1508,1311,113.82,57.87,55.94,2.48,2.61,2.34,46.51,0,0
MNG,2019,UNDESA,Mongolia,21128,14114,7014,3225.17,1589.93,1635.23,0.66,0.89,0.43,33.2,0,0
MMR,2019,UNDESA,Myanmar,75998,41652,34346,54045.42,26044.67,28000.76,0.14,0.16,0.12,45.19,0,0
NRU,2019,UNDESA,Nauru,2114,1206,908,10.76,,,19.65,,,42.95,1092,51.66
NPL,2019,UNDESA,Nepal,490802,148487,342315,28608.71,13046.95,15561.76,1.72,1.14,2.2,69.75,21607,4.4
NZL,2019,UNDESA,New Zealand,1068739,516814,551925,4783.06,2351.16,2431.9,22.34,21.98,22.7,51.64,1877,0.18
NIU,2019,UNDESA,Niue,588,319,269,1.62,,,36.41,,,45.75,0,0
PAK,2019,UNDESA,Pakistan,3257978,1714663,1543315,216565.32,111447.58,105117.74,1.5,1.54,1.47,47.37,1396619,42.87
PLW,2019,UNDESA,Palau,5066,2875,2191,18.01,,,28.13,,,43.25,0,0
PNG,2019,UNDESA,Papua New Guinea,31212,18944,12268,8776.11,4480.01,4296.11,0.36,0.42,0.29,39.31,10018,32.1
PHL,2019,UNDESA,Philippines,218530,113239,105291,108116.62,54316.07,53800.55,0.2,0.21,0.2,48.18,672,0.31
KOR,2019,UNDESA,Republic of Korea,1163655,652746,510909,51225.31,25649.46,25575.86,2.27,2.54,2,43.91,11727,1.01
WSM,2019,UNDESA,Samoa,4035,2038,1997,197.1,102,95.09,2.05,2,2.1,49.49,3,0.07
SGP,2019,UNDESA,Singapore,2155653,950192,1205461,5804.34,3038.23,2766.12,37.14,31.27,43.58,55.92,0,0
SLB,2019,UNDESA,Solomon Islands,2532,1421,1111,669.82,340.58,329.24,0.38,0.42,0.34,43.88,3,0.12
LKA,2019,UNDESA,Sri Lanka,40018,20909,19109,21323.73,10233.42,11090.32,0.19,0.2,0.17,47.75,1434,3.58
TJK,2019,UNDESA,Tajikistan,274071,118207,155864,9321.02,4697.95,4623.07,2.94,2.52,3.37,56.87,2956,1.08
THA,2019,UNDESA,Thailand,3635085,1825505,1809580,69625.58,33904.85,35720.74,5.22,5.38,5.07,49.78,111457,3.07
TLS,2019,UNDESA,Timor-Leste,8417,5086,3331,1293.12,653.51,639.61,0.65,0.78,0.52,39.57,0,0
TON,2019,UNDESA,Tonga,3752,2048,1704,104.49,52.29,52.21,3.59,3.92,3.26,45.42,0,0
TKM,2019,UNDESA,Turkmenistan,195127,92240,102887,5942.09,2925.69,3016.41,3.28,3.15,3.41,52.73,22,0.01
TUV,2019,UNDESA,Tuvalu,238,131,107,11.65,,,2.04,,,44.96,0,0
UZB,2019,UNDESA,Uzbekistan,1168384,545048,623336,32981.72,16450.12,16531.6,3.54,3.31,3.77,53.35,20,0
VUT,2019,UNDESA,Vanuatu,3245,1612,1633,299.88,152.04,147.84,1.08,1.06,1.1,50.32,1,0.03
VNM,2019,UNDESA,Viet Nam,76104,44087,32017,96462.11,48151.35,48310.76,0.08,0.09,0.07,42.07,0,0
AFG,2020,UNDESA,   Afghanistan,144098,69189,74909,38928.34,19976.27,18952.08,0.37,0.35,0.4,51.98,72479,50.3
ARM,2020,UNDESA,   Armenia,190349,78085,112264,2963.23,1393.75,1569.49,6.42,5.6,7.15,58.98,18158,9.54
AUS,2020,UNDESA,   Australia*,7685860,3812187,3873673,25499.88,12698.63,12801.26,30.14,30.02,30.26,50.4,154129,2.01
AZE,2020,UNDESA,   Azerbaijan*,252228,121007,131221,10139.18,5064.66,5074.51,2.49,2.39,2.59,52.02,1288,0.51
BGD,2020,UNDESA,   Bangladesh,2115408,1093978,1021430,164689.38,83259.11,81430.28,1.28,1.31,1.25,48.29,854820,40.41
BTN,2020,UNDESA,   Bhutan,53612,45524,8088,771.61,410.09,361.53,6.95,11.1,2.24,15.09,,
BRN,2020,UNDESA,   Brunei Darussalam,111959,63407,48552,437.48,226.99,210.5,25.59,27.93,23.07,43.37,,
KHM,2020,UNDESA,   Cambodia,79341,42730,36611,16718.97,8162.42,8556.55,0.47,0.52,0.43,46.14,27,0.03
CHN,2020,UNDESA,   China*,1039675,637952,401723,1439323.77,738247.34,701076.43,0.07,0.09,0.06,38.64,304041,29.24
HKG,2020,UNDESA,"   China, Hong Kong SAR*",2962492,1107970,1854522,649.34,312.1,337.24,39.52,32.21,45.71,62.6,130,0
TWN,2020,UNDESA,"   China, Taiwan Province of China*",,,,23816.78,11834.31,11982.46,,,,,,
COK,2020,UNDESA,   Cook Islands*,4579,2290,2289,17.56,,,26.07,,,49.99,,
FJI,2020,UNDESA,   Fiji,14087,7601,6486,896.44,454.02,442.43,1.57,1.67,1.47,46.04,20,0.14
GEO,2020,UNDESA,   Georgia*,79368,34879,44489,3989.18,1901.23,2087.95,1.99,1.83,2.13,56.05,2486,3.13
IND,2020,UNDESA,   India,4878704,2273912,2604792,1380004.39,717100.97,662903.42,0.35,0.32,0.39,53.39,207334,4.25
IDN,2020,UNDESA,   Indonesia,355505,206538,148967,273523.62,137717.86,135805.76,0.13,0.15,0.11,41.9,13657,3.84
JPN,2020,UNDESA,   Japan,2770996,1347156,1423840,126476.46,61753.05,64723.41,2.19,2.18,2.2,51.38,30588,1.1
KAZ,2020,UNDESA,   Kazakhstan,3732073,1850097,1881976,18776.71,9112.94,9663.77,19.88,20.3,19.47,50.43,742,0.02
KIR,2020,UNDESA,   Kiribati,3126,1650,1476,119.45,58.74,60.7,2.62,2.81,2.43,47.22,,
KGZ,2020,UNDESA,   Kyrgyzstan,199011,80456,118555,6524.19,3227.27,3296.92,3.05,2.49,3.6,59.57,517,0.26
LAO,2020,UNDESA,   Lao People's Democratic Republic,48731,31393,17338,7275.56,3651.79,3623.76,0.67,0.86,0.48,35.58,,
MYS,2020,UNDESA,   Malaysia*,3476560,2156265,1320295,32366,16630.81,15735.19,10.74,12.97,8.39,37.98,179744,5.17
MDV,2020,UNDESA,   Maldives,70079,61437,8642,540.54,342.93,197.61,12.96,17.92,4.37,12.33,,
MHL,2020,UNDESA,   Marshall Islands,3298,2021,1277,59.19,,,5.57,,,38.72,,
FSM,2020,UNDESA,   Micronesia (Fed. States of),2832,1515,1317,115.02,58.48,56.54,2.46,2.59,2.33,46.5,,
MNG,2020,UNDESA,   Mongolia,21345,14263,7082,3278.29,1615.04,1663.25,0.65,0.88,0.43,33.18,10,0.05
MMR,2020,UNDESA,   Myanmar,76446,41898,34548,54409.79,26220.19,28189.6,0.14,0.16,0.12,45.19,,
NRU,2020,UNDESA,   Nauru,2201,1297,904,10.83,,,20.32,,,41.07,1179,53.57
NPL,2020,UNDESA,   Nepal,487564,146930,340634,29136.81,13348.44,15788.37,1.67,1.1,2.16,69.86,19634,4.03
NZL,2020,UNDESA,   New Zealand*,1381724,668164,713560,4822.23,2370.16,2452.07,28.65,28.19,29.1,51.64,3326,0.24
NIU,2020,UNDESA,   Niue*,588,319,269,1.62,,,36.34,,,45.75,,
PAK,2020,UNDESA,   Pakistan,3276580,1812804,1463776,220892.33,113672.01,107220.32,1.48,1.59,1.37,44.67,1428147,43.59
PLW,2020,UNDESA,   Palau,5088,2888,2200,18.09,,,28.12,,,43.24,,
PNG,2020,UNDESA,   Papua New Guinea,31068,18895,12173,8947.03,4568.07,4378.96,0.35,0.41,0.28,39.18,9840,31.67
PHL,2020,UNDESA,   Philippines,225525,117105,108420,109581.09,55028.83,54552.26,0.21,0.21,0.2,48.07,1023,0.45
KOR,2020,UNDESA,   Republic of Korea,1728182,958365,769817,51269.18,25665.85,25603.33,3.37,3.73,3.01,44.54,28792,1.67
WSM,2020,UNDESA,   Samoa,4021,2031,1990,198.41,102.7,95.71,2.03,1.98,2.08,49.49,,
SGP,2020,UNDESA,   Singapore,2523648,1112517,1411131,5850.34,3062.26,2788.09,43.14,36.33,50.61,55.92,,
SLB,2020,UNDESA,   Solomon Islands,2520,1415,1105,686.88,349.26,337.62,0.37,0.41,0.33,43.85,,
LKA,2020,UNDESA,   Sri Lanka,40254,21196,19058,21413.25,10267.35,11145.9,0.19,0.21,0.17,47.34,1406,3.49
TJK,2020,UNDESA,   Tajikistan,276031,119174,156857,9537.64,4805.74,4731.9,2.89,2.48,3.31,56.83,5204,1.89
THA,2020,UNDESA,   Thailand,3632496,1821857,1810639,69799.98,33966.06,35833.92,5.2,5.36,5.05,49.85,98418,2.71
TLS,2020,UNDESA,   Timor-Leste,8399,5076,3323,1318.44,666.24,652.2,0.64,0.76,0.51,39.56,,
TON,2020,UNDESA,   Tonga,3742,2044,1698,105.7,52.9,52.79,3.54,3.86,3.22,45.38,,
TKM,2020,UNDESA,   Turkmenistan,194920,92357,102563,6031.19,2969.31,3061.88,3.23,3.11,3.35,52.62,22,0.01
TUV,,UNDESA,   Tuvalu,239,132,107,11.79,,,2.03,,,44.77,,
UZB,2020,UNDESA,   Uzbekistan,1162007,543364,618643,33469.2,16696.92,16772.28,3.47,3.25,3.69,53.24,14,0
VUT,2020,UNDESA,   Vanuatu,3257,1619,1638,307.15,155.69,151.46,1.06,1.04,1.08,50.29,,
VNM,2020,UNDESA,   Viet Nam,76767,44471,32296,97338.58,48598.25,48740.33,0.08,0.09,0.07,42.07,,
KAZ,2005,UNDESA,   Kazakhstan,3103027,1472820,1630207,15402.803,7419.259,7983.544,20.14585917,19.8513086,20.4195906,,7330,0.236220955
KGZ,2005,UNDESA,   Kyrgyzstan,309399,128064,181335,5075.34,2515.732,2559.608,6.096123609,5.090526336,7.084483249,,3096,1.000649647
TJK,2005,UNDESA,   Tajikistan,280466,121403,159063,6789.318,3413.086,3376.232,4.130989298,3.556986258,4.711257994,,1040,0.370811435
TKM,2005,UNDESA,   Turkmenistan,213053,101214,111839,4754.652,2338.888,2415.764,4.480937827,4.327441075,4.629549906,,11965,5.61597349
UZB,2005,UNDESA,   Uzbekistan,1329932,589690,740242,26427.785,13130.436,13297.349,5.032324881,4.49101614,5.566838924,,44537,3.348817834
CHN,2005,UNDESA,   China,678947,379920,299027,1330776.38,683485.9,647290.48,0.051018865,0.055585638,0.046196725,,301125,44.35176825
HKG,2005,UNDESA,"   China, Hong Kong SAR",2721235,1185121,1536114,6769.579,3252.142,3517.437,40.19799459,36.44124396,43.67140051,,3031,0.111383251
TWN,2005,UNDESA,"   China, Taiwan Province of China",,,,22705.719,11494.109,11211.61,,,,,,
JPN,2005,UNDESA,   Japan,2011555,931198,1080357,128326.115,62885.586,65440.529,1.567533623,1.480781303,1.650898941,,2474,0.122989429
MNG,2005,UNDESA,   Mongolia,11477,7577,3900,2526.429,1256.92,1269.509,0.454277559,0.602822773,0.307205384,,,
KOR,2005,UNDESA,   Republic of Korea,486065,284305,201760,48701.069,24430.938,24270.131,0.998058174,1.163708901,0.831309893,,588,0.120971475
BRN,2005,UNDESA,   Brunei Darussalam,98441,55265,43176,365.112,186.429,178.683,26.96186376,29.64399316,24.16346267,,,
KHM,2005,UNDESA,   Cambodia,114096,57545,56551,13273.355,6442.005,6831.35,0.859586744,0.893277792,0.827815878,,195,0.170908708
IDN,2005,UNDESA,   Indonesia,289310,165287,124023,226289.468,113592.387,112697.081,0.127849521,0.145508871,0.110049878,,147,0.050810549
LAO,2005,UNDESA,   Lao People's Democratic Republic,20371,10930,9441,5751.675,2845.939,2905.736,0.354175088,0.384056018,0.324909076,,,
MYS,2005,UNDESA,   Malaysia,1918504,1133541,784963,25690.615,13168.052,12522.563,7.467723135,8.608266432,6.268389307,,44531,2.321131465
MMR,2005,UNDESA,   Myanmar,83025,44506,38519,48949.931,23671.965,25277.966,0.169612088,0.18801143,0.152381722,,,
PHL,2005,UNDESA,   Philippines,257468,133023,124445,86326.251,43386.652,42939.599,0.298249949,0.306598905,0.289814071,,138,0.053598894
SGP,2005,UNDESA,   Singapore,1710594,758762,951832,4265.693,2156.06,2109.633,40.10119809,35.1920633,45.11836893,,,
THA,2005,UNDESA,   Thailand,2195610,1102248,1093362,65416.189,32173.692,33242.497,3.356371005,3.425929483,3.289048954,,149216,6.796106777
TLS,2005,UNDESA,   Timor-Leste,11286,5578,5708,995.13,502.609,492.521,1.13412318,1.109809017,1.158935355,,13,0.115186957
VNM,2005,UNDESA,   Viet Nam,51768,31106,20662,83832.662,41531.528,42301.134,0.061751588,0.074897317,0.048845026,,2357,4.553005718
AFG,2005,UNDESA,   Afghanistan,87314,49281,38033,25654.274,13239.684,12414.59,0.340348747,0.372221875,0.306357278,,46,0.052683418
BGD,2005,UNDESA,   Bangladesh,1062270,572146,490124,139035.505,71221.594,67813.911,0.764027865,0.803332203,0.722748464,,21156,1.991584061
BTN,2005,UNDESA,   Bhutan,40279,32742,7537,648.744,340.162,308.582,6.208766478,9.625413773,2.442462619,,,
IND,2005,UNDESA,   India,5936740,2931489,3005251,1147609.924,597052.213,550557.711,0.517313407,0.490993742,0.545855764,,139586,2.351223062
MDV,2005,UNDESA,   Maldives,45045,27079,17966,319.604,166.948,152.656,14.09400383,16.22002061,11.76894456,,,
NPL,2005,UNDESA,   Nepal,680729,235852,444877,25744.5,12787.936,12956.564,2.644172542,1.844332033,3.43360323,,127708,18.7604759
PAK,2005,UNDESA,   Pakistan,3174558,1710343,1464215,160304.007,82676.228,77627.779,1.980336025,2.068724035,1.886199784,,1088120,34.27626775
LKA,2005,UNDESA,   Sri Lanka,39526,21318,18208,19544.988,9638.477,9906.511,0.202230874,0.221176022,0.183798312,,227,0.57430552
ARM,2005,UNDESA,   Armenia,469189,191432,277757,2981.262,1401.87,1579.392,15.73793246,13.65547447,17.58632436,,219620,46.80842901
AZE,2005,UNDESA,   Azerbaijan,301834,135143,166691,8538.61,4206.809,4331.801,3.53493133,3.21248243,3.848076124,,3119,1.033349457
GEO,2005,UNDESA,   Georgia,71296,31215,40081,4210.158,2006.77,2203.388,1.693428133,1.555484684,1.81906228,,2505,3.513521095
AUS,2005,UNDESA,   Australia,4878030,2419190,2458840,20178.543,10070.069,10108.474,24.17434202,24.02356925,24.32454196,,66786,1.369118271
NZL,2005,UNDESA,   New Zealand,839952,407690,432262,4135.353,2025.748,2109.605,20.31149457,20.12540553,20.49018655,,5703,0.67896737
FJI,2005,UNDESA,   Fiji,12434,6563,5871,821.606,419.008,402.598,1.513377458,1.566318543,1.458278481,,,
PNG,2005,UNDESA,   Papua New Guinea,29971,17851,12120,6494.902,3303.213,3191.689,0.46145423,0.540413228,0.379736246,,10003,33.37559641
SLB,2005,UNDESA,   Solomon Islands,3271,1830,1441,469.918,240.063,229.855,0.69607889,0.762299896,0.626916969,,,
VUT,2005,UNDESA,   Vanuatu,2800,1398,1402,209.282,106.762,102.52,1.337907703,1.309454675,1.367538041,,,
KIR,2005,UNDESA,   Kiribati,2487,1312,1175,92.319,45.483,46.836,2.693919995,2.884594244,2.50875395,,,
MHL,2005,UNDESA,   Marshall Islands,2417,1485,932,55.257,,,4.374106448,,,,,
FSM,2005,UNDESA,   Micronesia (Fed. States of),2905,1565,1340,106.135,53.939,52.196,2.737080134,2.901425685,2.567246532,,,
NRU,2005,UNDESA,   Nauru,2253,1208,1045,9.848,,,22.87774167,,,,,
PLW,2005,UNDESA,   Palau,6043,3620,2423,19.784,,,30.54488476,,,,,
COK,2005,UNDESA,   Cook Islands,3277,1724,1553,19.07,,,17.18405873,,,,,
NIU,2005,UNDESA,   Niue,522,282,240,1.688,,,30.92417062,,,,,
WSM,2005,UNDESA,   Samoa,5746,2940,2806,179.722,93.129,86.593,3.197160058,3.156911381,3.240446687,,,
TON,2005,UNDESA,   Tonga,4301,2324,1977,100.908,50.652,50.256,4.262298331,4.58817026,3.933858644,,,
TUV,2005,UNDESA,   Tuvalu,209,115,94,9.997,,,2.090627188,,,,,
KAZ,2000,UNDESA,   Kazakhstan,2874194,1323580,1550614,14922.724,7177.202,7745.522,19.26051839,18.44144835,20.01948997,,20579,0.715992031
KGZ,2000,UNDESA,   Kyrgyzstan,389824,162927,226897,4920.712,2432.987,2487.725,7.922105581,6.696583253,9.120662453,,10995,2.820503612
TJK,2000,UNDESA,   Tajikistan,299499,131653,167846,6216.329,3113.723,3102.606,4.817939977,4.228153885,5.409839342,,15597,5.207696854
TKM,2000,UNDESA,   Turkmenistan,219067,102810,116257,4516.128,2222.832,2293.296,4.850770394,4.62518085,5.069428456,,14757,6.736295289
UZB,2000,UNDESA,   Uzbekistan,1406498,606163,800335,24769.955,12317.008,12452.947,5.678242048,4.921349406,6.42687229,,39598,2.815361273
CHN,2000,UNDESA,   China,508034,254082,253952,1290550.767,662187.757,628363.01,0.039365673,0.038370084,0.040414855,,293705,57.81207557
HKG,2000,UNDESA,"   China, Hong Kong SAR",2669122,1225629,1443493,6606.328,3249.716,3356.612,40.40250499,37.71495725,43.00446403,,979,0.036678728
TWN,2000,UNDESA,"   China, Taiwan Province of China",,,,21966.528,11158.608,10807.92,,,,,,
JPN,2000,UNDESA,   Japan,1686444,796928,889516,127524.168,62624.572,64899.596,1.322450502,1.272548418,1.370603293,,3752,0.222479964
MNG,2000,UNDESA,   Mongolia,8206,4564,3642,2397.417,1195.603,1201.814,0.342285051,0.381732063,0.303041902,,,
KOR,2000,UNDESA,   Republic of Korea,244224,143212,101012,47379.237,23771.911,23607.326,0.5154663,0.602442101,0.427884124,,52,0.021291929
BRN,2000,UNDESA,   Brunei Darussalam,96296,53807,42489,333.166,168.75,164.416,28.90330946,31.88562963,25.84237544,,,
KHM,2000,UNDESA,   Cambodia,146085,71638,74447,12155.241,5907.47,6247.771,1.201827261,1.212668029,1.191576964,,34,0.023274121
IDN,2000,UNDESA,   Indonesia,292307,153315,138992,211513.822,105853.827,105659.995,0.138197588,0.144836521,0.131546476,,142562,48.77132604
LAO,2000,UNDESA,   Lao People's Democratic Republic,21948,11564,10384,5323.701,2649.923,2673.778,0.412269585,0.436390039,0.388364329,,,
MYS,2000,UNDESA,   Malaysia,1463598,822679,640919,23194.252,11818.005,11376.247,6.310175469,6.961234151,5.63383513,,50487,3.449512776
MMR,2000,UNDESA,   Myanmar,98011,52150,45861,46719.698,22629.738,24089.96,0.209785175,0.230448978,0.190373915,,,
PHL,2000,UNDESA,   Philippines,318095,161904,156191,77991.757,39280.834,38710.923,0.407857205,0.412170475,0.403480434,,196,0.061616813
SGP,2000,UNDESA,   Singapore,1351691,601671,750020,4028.872,2066.176,1962.696,33.5501103,29.12002656,38.21376311,,,
THA,2000,UNDESA,   Thailand,1257821,647728,610093,62952.639,31094.46,31858.179,1.998043323,2.083097761,1.915027849,,104965,8.344987085
TLS,2000,UNDESA,   Timor-Leste,10602,5095,5507,884.366,446.775,437.591,1.198824921,1.140395053,1.258481093,,,
VNM,2000,UNDESA,   Viet Nam,56754,32825,23929,79910.411,39570.482,40339.929,0.071022035,0.082953248,0.059318399,,15945,28.09493604
AFG,2000,UNDESA,   Afghanistan,75917,42848,33069,20779.957,10689.508,10090.449,0.365337618,0.400841648,0.327725753,,,
BGD,2000,UNDESA,   Bangladesh,987853,531907,455946,127657.862,65594.998,62062.864,0.773828564,0.810895672,0.734651885,,21919,2.2188524
BTN,2000,UNDESA,   Bhutan,32137,26200,5937,591.014,302.283,288.731,5.437603847,8.667374613,2.056239198,,,
IND,2000,UNDESA,   India,6411331,3303591,3107740,1056575.548,549387.864,507187.684,0.606802894,0.601322165,0.612739642,,171000,2.667152889
MDV,2000,UNDESA,   Maldives,27092,14907,12185,279.396,141.34,138.056,9.696631305,10.54690816,8.826128528,,,
NPL,2000,UNDESA,   Nepal,717900,241959,475941,23941.099,11919.749,12021.35,2.998609212,2.029900126,3.959131046,,129237,18.00208943
PAK,2000,UNDESA,   Pakistan,4181912,2249960,1931952,142343.583,73473.693,68869.89,2.937899912,3.062266109,2.805220104,,2001466,47.86006975
LKA,2000,UNDESA,   Sri Lanka,40132,21971,18161,18777.606,9365.939,9411.667,0.213722665,0.23458406,0.192962628,,39,0.097179308
ARM,2000,UNDESA,   Armenia,657900,270170,387730,3069.597,1440.92,1628.677,21.43278092,18.7498265,23.80643921,,280591,42.6494908
AZE,2000,UNDESA,   Azerbaijan,327540,141161,186379,8122.743,3971.455,4151.288,4.032381672,3.554390016,4.489666821,,54663,16.68895402
GEO,2000,UNDESA,   Georgia,76117,33321,42796,4362.184,2072.239,2289.945,1.744928687,1.607970895,1.868865846,,6400,8.40810857
AUS,2000,UNDESA,   Australia,4386250,2189900,2196350,18991.434,9473.544,9517.89,23.09593894,23.11595323,23.0760179,,71246,1.62430322
NZL,2000,UNDESA,   New Zealand,678813,329927,348886,3858.992,1893.983,1965.009,17.59042258,17.41974453,17.7549314,,4923,0.725236553
FJI,2000,UNDESA,   Fiji,12719,6601,6118,811.011,411.976,399.035,1.568289456,1.602277803,1.533198842,,,
PNG,2000,UNDESA,   Papua New Guinea,26304,15874,10430,5847.59,2972.407,2875.183,0.449826339,0.534045304,0.362759518,,7066,26.86283455
SLB,2000,UNDESA,   Solomon Islands,3981,2224,1757,412.665,212.115,200.55,0.964705027,1.048487849,0.87609075,,,
VUT,2000,UNDESA,   Vanuatu,2626,1320,1306,184.964,94.604,90.36,1.419735732,1.39528984,1.445329792,,,
KIR,2000,UNDESA,   Kiribati,2283,1188,1095,84.405,41.592,42.813,2.704816065,2.856318523,2.557634363,,,
MHL,2000,UNDESA,   Marshall Islands,1891,1164,727,50.754,,,3.725814714,,,,,
FSM,2000,UNDESA,   Micronesia (Fed. States of),3116,1721,1395,107.405,54.369,53.036,2.901168474,3.165406758,2.63028886,,,
NRU,2000,UNDESA,   Nauru,2394,1283,1111,10.335,,,23.16400581,,,,,
PLW,2000,UNDESA,   Palau,6310,3905,2405,19.104,,,33.02973199,,,,,
COK,2000,UNDESA,   Cook Islands,2785,1552,1233,17.935,,,15.52829663,,,,,
NIU,2000,UNDESA,   Niue,498,268,230,1.902,,,26.1829653,,,,,
WSM,2000,UNDESA,   Samoa,5998,3101,2897,174.454,90.882,83.572,3.438155617,3.412116811,3.466472024,,,
TON,2000,UNDESA,   Tonga,3684,1981,1703,97.962,49.862,48.1,3.760641882,3.972965384,3.540540541,,,
TUV,2000,UNDESA,   Tuvalu,218,121,97,9.392,,,2.321124361,,,,,
KAZ,1995,UNDESA,   Kazakhstan,3251968,1497455,1754513,15839.357,7673.094,8166.263,20.53093443,19.51566083,21.48489462,,15561,0.478510244
KGZ,1995,UNDESA,   Kyrgyzstan,518338,216638,301700,4566.096,2252.574,2313.522,11.35188572,9.617353303,13.04072319,,13407,2.586536198
TJK,1995,UNDESA,   Tajikistan,348347,151894,196453,5764.806,2876.271,2888.535,6.042649137,5.280934933,6.801129292,,620,0.177983448
TKM,1995,UNDESA,   Turkmenistan,273565,132122,141443,4207.841,2071.646,2136.195,6.501315045,6.377634017,6.621258827,,23323,8.52557893
UZB,1995,UNDESA,   Uzbekistan,1512577,657490,855087,22791.033,11332.924,11458.109,6.636719801,5.801591893,7.462723561,,2627,0.173677109
CHN,1995,UNDESA,   China,442198,223018,219180,1240920.539,636686.865,604233.674,0.035634675,0.035027894,0.036274046,,289747,65.52426741
HKG,1995,UNDESA,"   China, Hong Kong SAR",2443798,1175087,1268711,6084.234,3052.219,3032.015,40.16607514,38.49943271,41.84382333,,5536,0.226532635
TWN,1995,UNDESA,"   China, Taiwan Province of China",,,,21356.025,10911.819,10444.206,,,,,,
JPN,1995,UNDESA,   Japan,1362371,680212,682159,126365.486,62189.605,64175.881,1.078119543,1.093771218,1.062952295,,5322,0.39064249
MNG,1995,UNDESA,   Mongolia,7424,3959,3465,2298.017,1138.455,1159.562,0.323061144,0.347751997,0.298819727,,,
KOR,1995,UNDESA,   Republic of Korea,123886,70758,53128,45292.521,22729.802,22562.719,0.273524187,0.311300556,0.235468075,,5,0.004035969
BRN,1995,UNDESA,   Brunei Darussalam,84748,47832,36916,297.112,155.344,141.768,28.52392364,30.79101864,26.03972688,,,
KHM,1995,UNDESA,   Cambodia,92230,45361,46869,10656.145,5173.358,5482.787,0.865509994,0.876819273,0.854838971,,15,0.016263689
IDN,1995,UNDESA,   Indonesia,378960,191600,187360,196934.257,98509.83,98424.427,0.1924297,0.194498356,0.190359249,,202,0.053303779
LAO,1995,UNDESA,   Lao People's Democratic Republic,23526,12199,11327,4846.477,2416.503,2429.974,0.485424774,0.504820395,0.466136675,,,
MYS,1995,UNDESA,   Malaysia,937368,534964,402404,20487.604,10428.403,10059.201,4.575293431,5.129874632,4.000357484,,23323,2.488136996
MMR,1995,UNDESA,   Myanmar,113663,61489,52174,43901.598,21351.267,22550.331,0.258904015,0.287987593,0.231366892,,,
PHL,1995,UNDESA,   Philippines,207345,107524,99821,69784.087,35201.254,34582.833,0.297123612,0.305455027,0.288643212,,783,0.377631484
SGP,1995,UNDESA,   Singapore,991492,456411,535081,3525.964,1790.351,1735.613,28.11974257,25.49282236,30.82951096,,112,0.011296107
THA,1995,UNDESA,   Thailand,809720,426290,383430,59467.272,29537.662,29929.61,1.361622911,1.443208335,1.281105901,,106565,13.16072222
TLS,1995,UNDESA,   Timor-Leste,9743,4763,4980,844.333,426.029,418.304,1.153928604,1.117999009,1.190521726,,,
VNM,1995,UNDESA,   Viet Nam,51262,28187,23075,74910.462,37098.192,37812.27,0.068431029,0.075979444,0.061025165,,34400,67.10623854
AFG,1995,UNDESA,   Afghanistan,71522,39105,32417,18110.662,9392.627,8718.035,0.394916541,0.416337197,0.371838379,,19605,27.41114622
BGD,1995,UNDESA,   Bangladesh,934735,503989,430746,115169.933,59293.801,55876.132,0.811613739,0.849985988,0.770894449,,10996,1.176376192
BTN,1995,UNDESA,   Bhutan,27972,22804,5168,534.629,273.921,260.708,5.232039414,8.325028019,1.982294368,,,
IND,1995,UNDESA,   India,6952238,3608978,3343260,963922.586,500830.598,463091.988,0.721244434,0.720598545,0.721942959,,227480,3.272039881
MDV,1995,UNDESA,   Maldives,18510,9243,9267,254.144,128.629,125.515,7.283272475,7.185782366,7.383181293,,,
NPL,1995,UNDESA,   Nepal,690225,217088,473137,21576.074,10903.157,10672.917,3.199029629,1.991056352,4.433061739,,124754,18.07439603
PAK,1995,UNDESA,   Pakistan,3669308,1951223,1718085,123776.835,63984.934,59791.901,2.964454536,3.04950381,2.873441003,,1202493,32.77165613
LKA,1995,UNDESA,   Sri Lanka,40841,22689,18152,18242.917,9162.935,9079.982,0.223873189,0.247617166,0.199912291,,16,0.039176318
ARM,1995,UNDESA,   Armenia,693999,284995,409004,3217.349,1524.014,1693.335,21.57052281,18.70028753,24.15375575,,218950,31.54903681
AZE,1995,UNDESA,   Azerbaijan,344070,149509,194561,7775.418,3797.331,3978.087,4.425099718,3.937212742,4.890818124,,233682,67.91699364
GEO,1995,UNDESA,   Georgia,152235,66643,85592,4976.252,2355.426,2620.826,3.059230119,2.829339576,3.265840617,,3200,2.102013335
AUS,1995,UNDESA,   Australia,4153330,2093280,2060050,17993.083,8951.036,9042.047,23.08292581,23.38589634,22.78300478,,79081,1.904038446
NZL,1995,UNDESA,   New Zealand,588617,289230,299387,3674.94,1810.954,1863.986,16.01705062,15.97114007,16.06165497,,3758,0.638445713
FJI,1995,UNDESA,   Fiji,13001,6726,6275,775.428,394.117,381.311,1.676622459,1.706599817,1.645638337,,,
PNG,1995,UNDESA,   Papua New Guinea,33526,19832,13694,5187.063,2636.351,2550.712,0.646338786,0.752251881,0.536869705,,9601,28.63747539
SLB,1995,UNDESA,   Solomon Islands,4178,2328,1850,359.276,184.535,174.741,1.162894265,1.2615493,1.058709748,,,
VUT,1995,UNDESA,   Vanuatu,2461,1295,1166,168.161,86.273,81.888,1.463478452,1.501048996,1.423896053,,,
KIR,1995,UNDESA,   Kiribati,2223,1139,1084,77.716,38.52,39.196,2.860414844,2.956905504,2.765588325,,,
MHL,1995,UNDESA,   Marshall Islands,1480,916,564,50.454,,,2.933365045,,,,,
FSM,1995,UNDESA,   Micronesia (Fed. States of),3342,2119,1223,107.535,54.971,52.564,3.107825359,3.854759782,2.326687467,,,
NRU,1995,UNDESA,   Nauru,2605,1395,1210,10.626,,,24.51533973,,,,,
PLW,1995,UNDESA,   Palau,4749,2808,1941,17.158,,,27.67805105,,,,,
COK,1995,UNDESA,   Cook Islands,2686,1497,1189,19.105,,,14.05914682,,,,,
NIU,1995,UNDESA,   Niue,480,257,223,2.161,,,22.21193892,,,,,
WSM,1995,UNDESA,   Samoa,4694,2451,2243,170.05,88.443,81.607,2.760364599,2.771276415,2.748538728,,,
TON,1995,UNDESA,   Tonga,3274,1718,1556,95.972,48.684,47.288,3.411411662,3.528880125,3.290475385,,,
TUV,1995,UNDESA,   Tuvalu,263,148,115,9.298,,,2.828565283,,,,,
KAZ,1990,UNDESA,   Kazakhstan,3619200,1666164,1953036,16383.881,7951.679,8432.202,22.09000419,20.95361244,23.16163678,,,
KGZ,1990,UNDESA,   Kyrgyzstan,623083,260416,362667,4372.885,2144.643,2228.242,14.24878541,12.142627,16.27592515,,,
TJK,1990,UNDESA,   Tajikistan,428900,187972,240928,5283.811,2619.151,2664.66,8.117247191,7.176829438,9.041603807,,3000,0.699463744
TKM,1990,UNDESA,   Turkmenistan,306500,134174,172326,3683.978,1810.473,1873.505,8.319810813,7.410991492,9.198053915,,,
UZB,1990,UNDESA,   Uzbekistan,1653000,723618,929382,20398.347,10090.933,10307.414,8.103597806,7.170972199,9.016635986,,,
CHN,1990,UNDESA,   China,376361,191954,184407,1176883.681,603859.475,573024.206,0.031979456,0.031787859,0.032181363,,285788,75.93454157
HKG,1990,UNDESA,"   China, Hong Kong SAR",2218473,1124544,1093929,5727.942,2910.086,2817.856,38.7307169,38.64298169,38.82132373,,10092,0.454907497
TWN,1990,UNDESA,"   China, Taiwan Province of China",,,,20478.516,10533.906,9944.61,,,,,,
JPN,1990,UNDESA,   Japan,1075317,538765,536552,124505.243,61357.276,63147.967,0.863672062,0.878078421,0.849674226,,6649,0.618329293
MNG,1990,UNDESA,   Mongolia,6718,3419,3299,2184.139,1078.252,1105.887,0.307581157,0.317087286,0.298312576,,,
KOR,1990,UNDESA,   Republic of Korea,43247,24349,18898,42918.416,21514.148,21404.268,0.100765601,0.113176687,0.088290803,,230,0.531828797
BRN,1990,UNDESA,   Brunei Darussalam,73200,41856,31344,258.714,136.439,122.275,28.2937916,30.6774456,25.63402167,,,
KHM,1990,UNDESA,   Cambodia,38375,19084,19291,8975.597,4334.68,4640.917,0.427548162,0.44026318,0.415672161,,,
IDN,1990,UNDESA,   Indonesia,465612,229885,235727,181413.398,91096.365,90317.033,0.256658001,0.252353648,0.260999495,,2138,0.459180605
LAO,1990,UNDESA,   Lao People's Democratic Republic,22866,11806,11060,4258.471,2129.857,2128.614,0.536953287,0.554309515,0.519586924,,,
MYS,1990,UNDESA,   Malaysia,695920,405808,290112,18029.824,9172.078,8857.746,3.859826918,4.424384529,3.275235032,,14862,2.135590298
MMR,1990,UNDESA,   Myanmar,133545,72310,61235,41335.188,20123.771,21211.417,0.323078245,0.359326291,0.28868887,,,
PHL,1990,UNDESA,   Philippines,154071,81347,72724,61895.169,31267.88,30627.289,0.248922497,0.260161546,0.237448375,,19860,12.89016103
SGP,1990,UNDESA,   Singapore,727262,345842,381420,3012.968,1515.834,1497.134,24.13772732,22.81529508,25.47667744,,146,0.020075296
THA,1990,UNDESA,   Thailand,528693,283486,245207,56558.196,28018.398,28539.798,0.934776986,1.011785185,0.859175668,,99821,18.88071149
TLS,1990,UNDESA,   Timor-Leste,8954,4450,4504,737.814,372.681,365.133,1.213584996,1.194050676,1.233523127,,,
VNM,1990,UNDESA,   Viet Nam,28118,15230,12888,67988.855,33653.283,34335.572,0.041356778,0.045255614,0.037535417,,21150,75.2187211
AFG,1990,UNDESA,   Afghanistan,57686,32558,25128,12412.311,6344.617,6067.694,0.464748265,0.513159423,0.414127674,,25,0.043338072
BGD,1990,UNDESA,   Bangladesh,881617,476097,405520,103171.957,53216.139,49955.818,0.854512239,0.894647768,0.811757301,,73,0.00828024
BTN,1990,UNDESA,   Bhutan,23807,19409,4398,530.801,272.811,257.99,4.485108355,7.114449197,1.704717237,,,
IND,1990,UNDESA,   India,7594801,3967470,3627331,873277.799,453257.379,420020.42,0.869689005,0.875323863,0.86360825,,212743,2.801166219
MDV,1990,UNDESA,   Maldives,8689,4777,3912,223.159,114.398,108.761,3.893636376,4.175772304,3.596877557,,,
NPL,1990,UNDESA,   Nepal,429974,125966,304008,18905.48,9395.937,9509.543,2.274335272,1.340643301,3.196872868,,17325,4.0293134
PAK,1990,UNDESA,   Pakistan,6208204,3264380,2943824,107647.918,55820.76,51827.158,5.767138014,5.847967674,5.68007993,,3265845,52.60531065
LKA,1990,UNDESA,   Sri Lanka,41561,23423,18138,17325.769,8748.041,8577.728,0.239879684,0.267751374,0.211454595,,15,0.036091528
ARM,1990,UNDESA,   Armenia,658789,270535,388254,3538.164,1714.812,1823.352,18.61951566,15.77636499,21.29342003,,,
AZE,1990,UNDESA,   Azerbaijan,360600,157856,202744,7242.758,3541.447,3701.311,4.978766376,4.457387051,5.477626711,,,
GEO,1990,UNDESA,   Georgia,304470,133285,171185,5410.4,2572.132,2838.268,5.627495194,5.181888021,6.0313191,,,
AUS,1990,UNDESA,   Australia,3955213,2013196,1942017,16960.6,8455.083,8505.517,23.32000637,23.81048181,22.83243923,,97915,2.475593603
NZL,1990,UNDESA,   New Zealand,518047,258223,259824,3398.175,1672.54,1725.635,15.24485937,15.43897306,15.05671825,,4666,0.900690478
FJI,1990,UNDESA,   Fiji,13283,6847,6436,728.575,370.088,358.487,1.823147926,1.850100517,1.795323122,,,
PNG,1990,UNDESA,   Papua New Guinea,33710,19362,14348,4615.843,2348.434,2267.409,0.730310801,0.824464303,0.63279276,,8089,23.99584693
SLB,1990,UNDESA,   Solomon Islands,4226,2349,1877,311.869,160.239,151.63,1.355056129,1.465935259,1.237881686,,,
VUT,1990,UNDESA,   Vanuatu,2308,1269,1039,146.575,75.381,71.194,1.574620501,1.683448084,1.459392645,,,
KIR,1990,UNDESA,   Kiribati,2162,1107,1055,72.394,35.812,36.582,2.98643534,3.091142634,2.883931988,,,
MHL,1990,UNDESA,   Marshall Islands,1158,721,437,47.265,,,2.450015868,,,,,
FSM,1990,UNDESA,   Micronesia (Fed. States of),3685,2099,1586,96.304,49.253,47.051,3.826424655,4.26166934,3.370810397,,,
NRU,1990,UNDESA,   Nauru,2815,1506,1309,9.506,,,29.61287608,,,,,
PLW,1990,UNDESA,   Palau,2801,1800,1001,15.063,,,18.59523335,,,,,
COK,1990,UNDESA,   Cook Islands,2587,1443,1144,18.195,,,14.21819181,,,,,
NIU,1990,UNDESA,   Niue,461,245,216,2.332,,,19.76843911,,,,,
WSM,1990,UNDESA,   Samoa,3357,1771,1586,162.797,84.981,77.816,2.062077311,2.083995246,2.038141256,,,
TON,1990,UNDESA,   Tonga,2911,1488,1423,95.069,48.229,46.84,3.061986557,3.08528064,3.038001708,,,
TUV,1990,UNDESA,   Tuvalu,318,180,138,8.91,,,3.569023569,,,,,
