country_name,iso,year,value.Control of Corruption: Estimate,value.Government Effectiveness: Estimate,value.Rule of Law: Estimate,data_source
Afghanistan,AFG,1996,-1.291705,-2.175167,-1.788075,WWGI
Armenia,ARM,1996,-0.4730513,-0.3805645,-0.4690985,WWGI
Australia,AUS,1996,1.877356,1.800565,1.713399,WWGI
Azerbaijan,AZE,1996,-1.445619,-0.9163896,-1.201162,WWGI
Bangladesh,BGD,1996,-0.9696822,-0.6878501,-0.9340237,WWGI
Bhutan,BTN,1996,0.9428385,0.6449225,-0.0315036,WWGI
Brunei Darussalam,BRN,1996,0.478995,0.9272897,0.8160349,WWGI
Cambodia,KHM,1996,-1.019842,-0.7247631,-1.194369,WWGI
China,CHN,1996,-0.2711895,-0.3486539,-0.54559,WWGI
"Hong Kong SAR, China",HKG,1996,1.444894,1.036225,0.7505658,WWGI
Cook Islands,COK,1996,,,,WWGI
Fiji,FJI,1996,0.6593026,-0.1241927,0.3234748,WWGI
Georgia,GEO,1996,-1.527264,-0.6369361,-1.256326,WWGI
India,IND,1996,-0.3810903,-0.1116067,0.3134562,WWGI
Indonesia,IDN,1996,-0.8641063,-0.7053357,-0.4898703,WWGI
Japan,JPN,1996,1.192312,0.9102908,1.347829,WWGI
Kazakhstan,KAZ,1996,-1.13282,-0.9584045,-1.186538,WWGI
Kiribati,KIR,1996,,,0.8091406,WWGI
Kyrgyz Republic,KGZ,1996,-0.9939234,-0.3805645,-0.7254733,WWGI
Lao PDR,LAO,1996,-0.7228339,-0.6369361,-1.04795,WWGI
Malaysia,MYS,1996,0.3830645,0.5362827,0.521091,WWGI
Maldives,MDV,1996,-0.3229406,0.9012942,0.0174898,WWGI
Marshall Islands,MHL,1996,,,-0.2021535,WWGI
"Micronesia, Fed. Sts.",FSM,1996,,,0.8091406,WWGI
Mongolia,MNG,1996,0.1117585,-0.3787304,0.2014104,WWGI
Myanmar,MMR,1996,-1.500767,-1.207594,-1.580614,WWGI
Nauru,NRU,1996,,,0.8091406,WWGI
Nepal,NPL,1996,-0.6392087,-0.3805645,-0.0061753,WWGI
New Zealand,NZL,1996,2.110246,1.771767,1.858394,WWGI
Papua New Guinea,PNG,1996,-0.4334672,-0.3401964,-0.6169376,WWGI
Niue,NIU,1996,,,,WWGI
Pakistan,PAK,1996,-1.22003,-0.6241546,-0.6252896,WWGI
Palau,PLW,1996,,,0.8091406,WWGI
Philippines,PHL,1996,-0.3588718,-0.3132541,0.0745114,WWGI
Samoa,WSM,1996,-0.0265951,0.3885508,0.9479091,WWGI
Singapore,SGP,1996,2.107434,1.993047,1.239345,WWGI
Solomon Islands,SLB,1996,0.3407821,,0.7395181,WWGI
"Korea, Rep.",KOR,1996,0.3821974,0.4737186,0.7987474,WWGI
Sri Lanka,LKA,1996,-0.0565393,-0.1836293,0.1612602,WWGI
"Taiwan, China",TWN,1996,0.580821,0.5534753,0.7597,WWGI
Tajikistan,TJK,1996,-1.273033,-1.406051,-1.648157,WWGI
Thailand,THA,1996,-0.361192,0.1802246,0.5396288,WWGI
Timor-Leste,TLS,1996,,,-1.568576,WWGI
Tonga,TON,1996,,,0.8091406,WWGI
Turkmenistan,TKM,1996,-1.021493,-1.14968,-1.487391,WWGI
Tuvalu,TUV,1996,,,0.8091406,WWGI
Uzbekistan,UZB,1996,-1.128821,-1.200643,-1.239179,WWGI
Vanuatu,VUT,1996,0.2163094,,0.323561,WWGI
Vietnam,VNM,1996,-0.4897989,-0.5808757,-0.4824266,WWGI
Afghanistan,AFG,1998,-1.180848,-2.135942,-1.73714,WWGI
Armenia,ARM,1998,-0.8611854,-0.4754119,-0.3647019,WWGI
Australia,AUS,1998,1.849893,1.682469,1.800362,WWGI
Azerbaijan,AZE,1998,-1.300265,-0.9765213,-1.139705,WWGI
Bangladesh,BGD,1998,-0.7163028,-0.4404702,-0.8908103,WWGI
Bhutan,BTN,1998,1.000247,0.6075543,0.1627657,WWGI
Brunei Darussalam,BRN,1998,0.3753247,0.9378154,0.5593166,WWGI
Cambodia,KHM,1998,-1.150196,-1.019837,-1.159139,WWGI
China,CHN,1998,-0.268112,-0.1199823,-0.4570543,WWGI
"Hong Kong SAR, China",HKG,1998,1.34573,1.147523,1.017562,WWGI
Cook Islands,COK,1998,,,,WWGI
Fiji,FJI,1998,0.5021858,-0.2641799,0.2223946,WWGI
Georgia,GEO,1998,-0.9628553,-0.5798628,-1.241994,WWGI
India,IND,1998,-0.24787,-0.064976,0.3539906,WWGI
Indonesia,IDN,1998,-1.176364,-0.608823,-0.7827358,WWGI
Japan,JPN,1998,1.10376,1.065328,1.386728,WWGI
Kazakhstan,KAZ,1998,-1.017779,-0.79884,-1.067358,WWGI
Kiribati,KIR,1998,-0.5842584,-0.5322519,0.1800276,WWGI
Kyrgyz Republic,KGZ,1998,-0.8411235,-0.1034535,-0.7019392,WWGI
Lao PDR,LAO,1998,-0.6033329,-0.5798628,-0.9162353,WWGI
Malaysia,MYS,1998,0.4497059,0.7605563,0.3034184,WWGI
Maldives,MDV,1998,-0.3815066,0.8848587,-0.2635219,WWGI
Marshall Islands,MHL,1998,-0.5842584,-0.3988079,-0.2263089,WWGI
"Micronesia, Fed. Sts.",FSM,1998,-0.1954361,-0.3988079,0.4151353,WWGI
Mongolia,MNG,1998,0.0555014,-0.2613098,0.2031094,WWGI
Myanmar,MMR,1998,-1.342322,-1.200367,-1.533952,WWGI
Nauru,NRU,1998,,,0.9085175,WWGI
Nepal,NPL,1998,-0.738918,-0.6211262,-0.012699,WWGI
New Zealand,NZL,1998,2.206883,1.693336,1.895288,WWGI
Papua New Guinea,PNG,1998,-0.7649102,-0.5003642,-0.5729678,WWGI
Niue,NIU,1998,,,,WWGI
Pakistan,PAK,1998,-1.054056,-0.4645905,-0.7557318,WWGI
Palau,PLW,1998,,,0.9085175,WWGI
Philippines,PHL,1998,-0.2947631,0.0259526,0.0898332,WWGI
Samoa,WSM,1998,-0.0905186,0.3302499,0.6700004,WWGI
Singapore,SGP,1998,2.113981,2.148715,1.274454,WWGI
Solomon Islands,SLB,1998,0.0299748,-0.79914,0.3011393,WWGI
"Korea, Rep.",KOR,1998,0.3517909,0.3630948,0.8114922,WWGI
Sri Lanka,LKA,1998,-0.1476559,-0.3672959,0.0959822,WWGI
"Taiwan, China",TWN,1998,0.6124514,0.8474706,0.7722098,WWGI
Tajikistan,TJK,1998,-1.268679,-1.411776,-1.535656,WWGI
Thailand,THA,1998,-0.0654143,0.0914752,0.5214028,WWGI
Timor-Leste,TLS,1998,,,-1.568956,WWGI
Tonga,TON,1998,-0.1954361,-0.2653639,0.1800276,WWGI
Turkmenistan,TKM,1998,-1.103732,-1.174292,-1.421047,WWGI
Tuvalu,TUV,1998,,,0.9085175,WWGI
Uzbekistan,UZB,1998,-1.158051,-1.334786,-1.275361,WWGI
Vanuatu,VUT,1998,0.1017004,-0.3988079,0.0060366,WWGI
Vietnam,VNM,1998,-0.4680435,-0.382613,-0.4537449,WWGI
Afghanistan,AFG,2000,-1.29538,-2.231651,-1.778437,WWGI
Armenia,ARM,2000,-0.7595353,-0.5157526,-0.4785657,WWGI
Australia,AUS,2000,1.923246,1.810187,1.751407,WWGI
Azerbaijan,AZE,2000,-1.300618,-1.005987,-1.14998,WWGI
Bangladesh,BGD,2000,-1.108687,-0.580437,-0.9116927,WWGI
Bhutan,BTN,2000,0.9876838,0.8294715,0.1334748,WWGI
Brunei Darussalam,BRN,2000,0.3726364,0.9146784,0.537964,WWGI
Cambodia,KHM,2000,-0.9583682,-0.8275169,-1.059129,WWGI
China,CHN,2000,-0.2182887,-0.108963,-0.5271608,WWGI
"Hong Kong SAR, China",HKG,2000,1.338571,1.326269,0.81868,WWGI
Cook Islands,COK,2000,0.2264741,0.1196443,0.6459185,WWGI
Fiji,FJI,2000,0.3135897,-0.4591801,-0.4197477,WWGI
Georgia,GEO,2000,-1.008173,-0.6483843,-0.9332339,WWGI
India,IND,2000,-0.3455512,-0.1337757,0.330215,WWGI
Indonesia,IDN,2000,-0.9190737,-0.2922786,-0.7173401,WWGI
Japan,JPN,2000,1.273968,1.199341,1.315753,WWGI
Kazakhstan,KAZ,2000,-1.123968,-0.6947175,-1.107411,WWGI
Kiribati,KIR,2000,-0.3320304,-0.1675885,0.5870306,WWGI
Kyrgyz Republic,KGZ,2000,-0.9031251,-0.503099,-0.8710807,WWGI
Lao PDR,LAO,2000,-0.8859748,-0.7781562,-0.9881363,WWGI
Malaysia,MYS,2000,0.3370187,1.057264,0.2731184,WWGI
Maldives,MDV,2000,-0.381528,0.3684213,0.0680506,WWGI
Marshall Islands,MHL,2000,-0.2875369,-0.829904,0.0031422,WWGI
"Micronesia, Fed. Sts.",FSM,2000,-0.2188624,-0.6505269,0.0507538,WWGI
Mongolia,MNG,2000,-0.309789,-0.2799023,-0.0061647,WWGI
Myanmar,MMR,2000,-1.387619,-1.230591,-1.423945,WWGI
Nauru,NRU,2000,,,0.8622218,WWGI
Nepal,NPL,2000,-0.666684,-0.4585488,-0.2528777,WWGI
New Zealand,NZL,2000,2.251775,1.659819,1.825322,WWGI
Papua New Guinea,PNG,2000,-0.8323221,-0.4300175,-0.8443933,WWGI
Niue,NIU,2000,,,,WWGI
Pakistan,PAK,2000,-0.8410398,-0.5973354,-0.9287443,WWGI
Palau,PLW,2000,,,0.8622218,WWGI
Philippines,PHL,2000,-0.5104946,-0.1756712,-0.3752432,WWGI
Samoa,WSM,2000,0.0933743,0.4412707,0.7758543,WWGI
Singapore,SGP,2000,2.208549,2.199069,1.298522,WWGI
Solomon Islands,SLB,2000,-0.3637805,-0.9589807,-0.5834655,WWGI
"Korea, Rep.",KOR,2000,0.3226252,0.7543431,0.8812567,WWGI
Sri Lanka,LKA,2000,-0.1829986,-0.2976088,0.1523,WWGI
"Taiwan, China",TWN,2000,0.7259406,0.7394254,0.8348612,WWGI
Tajikistan,TJK,2000,-1.275289,-1.19373,-1.390418,WWGI
Thailand,THA,2000,-0.1869879,0.2110565,0.5811126,WWGI
Timor-Leste,TLS,2000,,,0.292264,WWGI
Tonga,TON,2000,-0.400705,-0.4760423,0.2412006,WWGI
Turkmenistan,TKM,2000,-1.133726,-1.273091,-1.328344,WWGI
Tuvalu,TUV,2000,0.4688683,0.5015961,1.36209,WWGI
Uzbekistan,UZB,2000,-1.052387,-0.976458,-1.224758,WWGI
Vanuatu,VUT,2000,-0.2819904,-0.5263427,0.3880665,WWGI
Vietnam,VNM,2000,-0.568332,-0.4399109,-0.3624379,WWGI
Afghanistan,AFG,2002,-1.263366,-1.567973,-1.670823,WWGI
Armenia,ARM,2002,-0.7465239,-0.0914017,-0.423272,WWGI
Australia,AUS,2002,1.809628,1.718943,1.79999,WWGI
Azerbaijan,AZE,2002,-1.179272,-0.9290094,-0.908657,WWGI
Bangladesh,BGD,2002,-1.361227,-0.6887409,-0.9030272,WWGI
Bhutan,BTN,2002,1.039471,0.7845386,0.0583945,WWGI
Brunei Darussalam,BRN,2002,0.3102241,0.8949295,0.5020638,WWGI
Cambodia,KHM,2002,-1.009935,-0.8083998,-1.143052,WWGI
China,CHN,2002,-0.5182464,-0.0602706,-0.4977296,WWGI
"Hong Kong SAR, China",HKG,2002,1.713238,1.386807,1.29407,WWGI
Cook Islands,COK,2002,0.184678,-0.0110881,0.6451816,WWGI
Fiji,FJI,2002,0.2961941,0.1415984,-0.325182,WWGI
Georgia,GEO,2002,-1.233965,-0.7959847,-1.056167,WWGI
India,IND,2002,-0.5158787,-0.1207639,0.0033842,WWGI
Indonesia,IDN,2002,-1.14404,-0.4142109,-0.9140038,WWGI
Japan,JPN,2002,0.9685954,1.068673,1.176049,WWGI
Kazakhstan,KAZ,2002,-1.111002,-0.9299887,-1.142669,WWGI
Kiribati,KIR,2002,-0.0901322,-0.2195811,0.5590889,WWGI
Kyrgyz Republic,KGZ,2002,-0.9899997,-0.6167717,-0.8053126,WWGI
Lao PDR,LAO,2002,-1.151778,-0.9143893,-1.154668,WWGI
Malaysia,MYS,2002,0.2749991,1.021576,0.4508347,WWGI
Maldives,MDV,2002,-0.1849878,0.4016014,-0.1425849,WWGI
Marshall Islands,MHL,2002,-0.4837397,-1.132705,0.1920965,WWGI
"Micronesia, Fed. Sts.",FSM,2002,-0.3152156,-0.7711372,0.0183355,WWGI
Mongolia,MNG,2002,-0.0071526,-0.1510513,0.1798876,WWGI
Myanmar,MMR,2002,-1.316296,-1.31476,-1.713963,WWGI
Nauru,NRU,2002,,,0.8586732,WWGI
Nepal,NPL,2002,-0.3575014,-0.456825,-0.470369,WWGI
New Zealand,NZL,2002,2.320816,1.738428,1.824306,WWGI
Papua New Guinea,PNG,2002,-0.9128661,-0.4665455,-0.9390848,WWGI
Niue,NIU,2002,,,,WWGI
Pakistan,PAK,2002,-0.9082966,-0.4066568,-0.7777725,WWGI
Palau,PLW,2002,,,0.8586732,WWGI
Philippines,PHL,2002,-0.5000148,-0.1292202,-0.3747749,WWGI
Samoa,WSM,2002,0.0699039,0.4465011,1.034857,WWGI
Singapore,SGP,2002,2.32098,1.854913,1.406749,WWGI
Solomon Islands,SLB,2002,-0.7050016,-2.046691,-0.9063572,WWGI
"Korea, Rep.",KOR,2002,0.5032603,0.906771,0.9473205,WWGI
Sri Lanka,LKA,2002,-0.1835918,-0.0406734,0.3302857,WWGI
"Taiwan, China",TWN,2002,0.6445099,0.7920457,0.887463,WWGI
Tajikistan,TJK,2002,-1.166876,-1.230195,-1.188971,WWGI
Thailand,THA,2002,-0.312025,0.3096918,0.3843653,WWGI
Timor-Leste,TLS,2002,-0.2136295,-0.7348684,-0.8275248,WWGI
Tonga,TON,2002,-0.5402989,-0.8094302,0.1594864,WWGI
Turkmenistan,TKM,2002,-1.271739,-1.455165,-1.410016,WWGI
Tuvalu,TUV,2002,0.5859712,0.0162519,1.372405,WWGI
Uzbekistan,UZB,2002,-1.030034,-1.18511,-1.476941,WWGI
Vanuatu,VUT,2002,-0.2938749,-0.7902837,0.2508718,WWGI
Vietnam,VNM,2002,-0.5696136,-0.4373939,-0.6433961,WWGI
Afghanistan,AFG,2003,-1.351042,-1.082488,-1.553829,WWGI
Armenia,ARM,2003,-0.5700286,-0.1563007,-0.3025564,WWGI
Australia,AUS,2003,1.949854,1.837643,1.882049,WWGI
Azerbaijan,AZE,2003,-1.007087,-0.7668569,-0.8365198,WWGI
Bangladesh,BGD,2003,-1.442822,-0.7254452,-1.047653,WWGI
Bhutan,BTN,2003,1.090904,0.4894388,0.2066349,WWGI
Brunei Darussalam,BRN,2003,0.3189477,0.7458653,0.590917,WWGI
Cambodia,KHM,2003,-0.99476,-0.85185,-1.253176,WWGI
China,CHN,2003,-0.359454,-0.0820877,-0.5298271,WWGI
"Hong Kong SAR, China",HKG,2003,1.852923,1.653428,1.573022,WWGI
Cook Islands,COK,2003,0.0852634,-0.2126729,0.6774979,WWGI
Fiji,FJI,2003,0.0565854,-0.1133136,-0.0493926,WWGI
Georgia,GEO,2003,-0.6959892,-0.3994781,-0.8983058,WWGI
India,IND,2003,-0.4165717,-0.0884409,0.1309935,WWGI
Indonesia,IDN,2003,-0.9697266,-0.4644641,-0.8508331,WWGI
Japan,JPN,2003,1.210685,1.217828,1.196319,WWGI
Kazakhstan,KAZ,2003,-1.026358,-0.6258659,-1.030669,WWGI
Kiribati,KIR,2003,0.1624471,-0.7468366,0.3059548,WWGI
Kyrgyz Republic,KGZ,2003,-0.9836336,-0.5705335,-0.7409122,WWGI
Lao PDR,LAO,2003,-1.182076,-1.001565,-1.272733,WWGI
Malaysia,MYS,2003,0.343969,1.162356,0.5239099,WWGI
Maldives,MDV,2003,-0.0530877,0.106854,-0.0151742,WWGI
Marshall Islands,MHL,2003,-0.8329695,-1.04333,0.0727762,WWGI
"Micronesia, Fed. Sts.",FSM,2003,-0.3352613,-0.7865792,-0.0925404,WWGI
Mongolia,MNG,2003,-0.2017621,-0.2280668,0.2130862,WWGI
Myanmar,MMR,2003,-1.481886,-1.244308,-1.700723,WWGI
Nauru,NRU,2003,,,0.8622284,WWGI
Nepal,NPL,2003,-0.4582963,-0.5159052,-0.556004,WWGI
New Zealand,NZL,2003,2.346575,1.826235,1.887663,WWGI
Papua New Guinea,PNG,2003,-0.8823828,-0.6049654,-1.138458,WWGI
Niue,NIU,2003,,,,WWGI
Pakistan,PAK,2003,-0.762178,-0.4030545,-0.7742094,WWGI
Palau,PLW,2003,,,0.8622284,WWGI
Philippines,PHL,2003,-0.5840759,-0.1031132,-0.4913498,WWGI
Samoa,WSM,2003,0.0762563,0.4509122,1.027928,WWGI
Singapore,SGP,2003,2.228928,1.947802,1.5733,WWGI
Solomon Islands,SLB,2003,-0.6321664,-2.270754,-0.8802009,WWGI
"Korea, Rep.",KOR,2003,0.5583808,0.9240439,0.8342572,WWGI
Sri Lanka,LKA,2003,-0.2262302,-0.203533,0.2445325,WWGI
"Taiwan, China",TWN,2003,0.8482103,0.978484,0.9776614,WWGI
Tajikistan,TJK,2003,-1.142904,-1.106954,-1.027935,WWGI
Thailand,THA,2003,-0.173061,0.3663059,0.1621313,WWGI
Timor-Leste,TLS,2003,-0.2214026,-0.9260253,-0.5266637,WWGI
Tonga,TON,2003,-0.5048001,-0.480364,-0.2755337,WWGI
Turkmenistan,TKM,2003,-1.221208,-1.465225,-1.421892,WWGI
Tuvalu,TUV,2003,-0.4714947,-1.06835,1.297973,WWGI
Uzbekistan,UZB,2003,-1.090016,-1.10308,-1.309614,WWGI
Vanuatu,VUT,2003,-0.2219644,-0.8514813,0.1132963,WWGI
Vietnam,VNM,2003,-0.4990683,-0.4460183,-0.5810017,WWGI
Afghanistan,AFG,2004,-1.345281,-0.8940507,-1.697143,WWGI
Armenia,ARM,2004,-0.6104831,-0.0922412,-0.4226077,WWGI
Australia,AUS,2004,2.028761,2.006778,1.815572,WWGI
Azerbaijan,AZE,2004,-1.163042,-0.7424284,-0.8747746,WWGI
Bangladesh,BGD,2004,-1.496538,-0.8191851,-1.01997,WWGI
Bhutan,BTN,2004,0.7965031,0.0205903,0.341372,WWGI
Brunei Darussalam,BRN,2004,0.4089673,0.2431719,0.3814886,WWGI
Cambodia,KHM,2004,-1.06173,-0.8856814,-1.279729,WWGI
China,CHN,2004,-0.5596942,-0.0552381,-0.5293402,WWGI
"Hong Kong SAR, China",HKG,2004,1.871349,1.756831,1.586487,WWGI
Cook Islands,COK,2004,0.1077814,-0.379427,0.638822,WWGI
Fiji,FJI,2004,0.1584945,-0.3909178,0.0260307,WWGI
Georgia,GEO,2004,-0.4687156,-0.5374144,-0.6579159,WWGI
India,IND,2004,-0.4111507,-0.1573192,0.0400426,WWGI
Indonesia,IDN,2004,-0.9321511,-0.4153518,-0.7736328,WWGI
Japan,JPN,2004,1.218695,1.36378,1.265991,WWGI
Kazakhstan,KAZ,2004,-1.095961,-0.6541258,-1.008891,WWGI
Kiribati,KIR,2004,0.3213347,-0.6121379,0.3704675,WWGI
Kyrgyz Republic,KGZ,2004,-1.104846,-0.6829314,-0.8140251,WWGI
Lao PDR,LAO,2004,-1.236541,-0.9999511,-1.121745,WWGI
Malaysia,MYS,2004,0.3377635,1.087762,0.5179631,WWGI
Maldives,MDV,2004,-0.3524567,-0.0064425,-0.0796294,WWGI
Marshall Islands,MHL,2004,-0.5724694,-0.9387149,-0.2100039,WWGI
"Micronesia, Fed. Sts.",FSM,2004,-0.0431867,-0.6038283,0.437779,WWGI
Mongolia,MNG,2004,-0.3980201,-0.4103425,0.0276974,WWGI
Myanmar,MMR,2004,-1.646097,-1.561635,-1.739791,WWGI
Nauru,NRU,2004,,,0.8400118,WWGI
Nepal,NPL,2004,-0.8709621,-0.7501413,-0.7425213,WWGI
New Zealand,NZL,2004,2.376838,1.961784,1.869368,WWGI
Papua New Guinea,PNG,2004,-0.9605086,-0.6469778,-0.8992642,WWGI
Niue,NIU,2004,,,,WWGI
Pakistan,PAK,2004,-1.08252,-0.4629056,-0.8769779,WWGI
Palau,PLW,2004,,,0.8400118,WWGI
Philippines,PHL,2004,-0.6489331,-0.2364625,-0.5681162,WWGI
Samoa,WSM,2004,0.1280995,0.0639811,0.8546701,WWGI
Singapore,SGP,2004,2.32558,1.989663,1.657221,WWGI
Solomon Islands,SLB,2004,-0.3655732,-1.270239,-0.8863054,WWGI
"Korea, Rep.",KOR,2004,0.388703,0.9010343,0.919705,WWGI
Sri Lanka,LKA,2004,-0.1458181,-0.4235739,0.1759895,WWGI
"Taiwan, China",TWN,2004,0.8291048,1.113148,0.9996896,WWGI
Tajikistan,TJK,2004,-1.288288,-0.9745044,-1.170146,WWGI
Thailand,THA,2004,-0.225242,0.3153662,0.1063597,WWGI
Timor-Leste,TLS,2004,-0.2953654,-0.6770105,-0.6868412,WWGI
Tonga,TON,2004,-0.4335981,-0.6049421,0.0660378,WWGI
Turkmenistan,TKM,2004,-1.474577,-1.643842,-1.634046,WWGI
Tuvalu,TUV,2004,0.637419,-0.7793114,0.8818525,WWGI
Uzbekistan,UZB,2004,-1.134173,-1.03046,-1.3179,WWGI
Vanuatu,VUT,2004,-0.3243554,-0.6307651,0.0698279,WWGI
Vietnam,VNM,2004,-0.734896,-0.4786768,-0.5679131,WWGI
Afghanistan,AFG,2005,-1.443609,-1.210829,-1.658668,WWGI
Armenia,ARM,2005,-0.6741413,-0.139913,-0.4002492,WWGI
Australia,AUS,2005,1.952358,1.751213,1.724451,WWGI
Azerbaijan,AZE,2005,-1.04491,-0.7294372,-0.7917499,WWGI
Bangladesh,BGD,2005,-1.387597,-0.9113003,-0.9789066,WWGI
Bhutan,BTN,2005,0.8192554,0.3245951,0.3117011,WWGI
Brunei Darussalam,BRN,2005,0.2461524,0.600312,0.2419076,WWGI
Cambodia,KHM,2005,-1.209747,-0.9993225,-1.233935,WWGI
China,CHN,2005,-0.6087338,-0.1199866,-0.5890847,WWGI
"Hong Kong SAR, China",HKG,2005,1.779577,1.614587,1.613014,WWGI
Cook Islands,COK,2005,0.569079,0.9232338,1.133692,WWGI
Fiji,FJI,2005,-0.3017229,-0.0797787,-0.04661,WWGI
Georgia,GEO,2005,-0.2154314,-0.4339972,-0.7093209,WWGI
India,IND,2005,-0.3607849,-0.1055001,0.1279031,WWGI
Indonesia,IDN,2005,-0.8781987,-0.4831279,-0.8215282,WWGI
Japan,JPN,2005,1.218508,1.290751,1.234982,WWGI
Kazakhstan,KAZ,2005,-1.014119,-0.6191217,-0.8654316,WWGI
Kiribati,KIR,2005,0.2033174,-0.4735642,0.7217457,WWGI
Kyrgyz Republic,KGZ,2005,-1.253386,-0.8784107,-1.114423,WWGI
Lao PDR,LAO,2005,-1.302482,-1.208072,-1.179128,WWGI
Malaysia,MYS,2005,0.1950662,1.092823,0.4970897,WWGI
Maldives,MDV,2005,-0.4407611,0.2022012,0.0409874,WWGI
Marshall Islands,MHL,2005,-0.4646168,-1.039871,-0.0717687,WWGI
"Micronesia, Fed. Sts.",FSM,2005,-0.2359343,-0.0956322,0.6634981,WWGI
Mongolia,MNG,2005,-0.6109759,-0.3764116,-0.2187209,WWGI
Myanmar,MMR,2005,-1.537207,-1.526451,-1.731732,WWGI
Nauru,NRU,2005,,,0.7861269,WWGI
Nepal,NPL,2005,-0.7433895,-0.8523244,-0.8157676,WWGI
New Zealand,NZL,2005,2.201448,1.746396,1.858338,WWGI
Papua New Guinea,PNG,2005,-1.131622,-0.875283,-1.003712,WWGI
Niue,NIU,2005,,,,WWGI
Pakistan,PAK,2005,-1.053138,-0.4531181,-0.8904083,WWGI
Palau,PLW,2005,,,0.7861269,WWGI
Philippines,PHL,2005,-0.6162979,-0.040945,-0.3501435,WWGI
Samoa,WSM,2005,0.1817049,0.4612368,1.058083,WWGI
Singapore,SGP,2005,2.16617,1.958422,1.707485,WWGI
Solomon Islands,SLB,2005,0.0421122,-0.6683773,-0.8004045,WWGI
"Korea, Rep.",KOR,2005,0.623883,0.9906011,0.9900065,WWGI
Sri Lanka,LKA,2005,-0.3397865,-0.3130901,0.1526568,WWGI
"Taiwan, China",TWN,2005,0.7494035,0.9493285,1.025266,WWGI
Tajikistan,TJK,2005,-1.169656,-1.151114,-1.09135,WWGI
Thailand,THA,2005,-0.1905972,0.396297,0.0458365,WWGI
Timor-Leste,TLS,2005,-0.5644838,-0.9939452,-0.5022837,WWGI
Tonga,TON,2005,-1.329141,-0.547692,0.529748,WWGI
Turkmenistan,TKM,2005,-1.464484,-1.607924,-1.614356,WWGI
Tuvalu,TUV,2005,-0.1148843,0.0230278,1.272245,WWGI
Uzbekistan,UZB,2005,-1.226991,-1.207045,-1.462433,WWGI
Vanuatu,VUT,2005,0.235829,-0.2873107,0.5135381,WWGI
Vietnam,VNM,2005,-0.7242912,-0.2346346,-0.3248107,WWGI
Afghanistan,AFG,2006,-1.43289,-1.430343,-1.863189,WWGI
Armenia,ARM,2006,-0.6708225,-0.2545792,-0.5464354,WWGI
Australia,AUS,2006,1.960568,1.711956,1.77004,WWGI
Azerbaijan,AZE,2006,-1.089759,-0.6535253,-0.8850427,WWGI
Bangladesh,BGD,2006,-1.434258,-0.8245271,-0.9039655,WWGI
Bhutan,BTN,2006,0.8159847,0.2366175,0.1937875,WWGI
Brunei Darussalam,BRN,2006,0.2077921,0.8732989,0.1228208,WWGI
Cambodia,KHM,2006,-1.253652,-0.966638,-1.234537,WWGI
China,CHN,2006,-0.5145814,0.0704749,-0.6394754,WWGI
"Hong Kong SAR, China",HKG,2006,1.866716,1.914575,1.55219,WWGI
Cook Islands,COK,2006,0.6034251,0.6099446,0.9527782,WWGI
Fiji,FJI,2006,0.0088322,-0.0913989,-0.0644722,WWGI
Georgia,GEO,2006,0.0443966,-0.2444875,-0.4639046,WWGI
India,IND,2006,-0.276444,-0.0983199,0.1773311,WWGI
Indonesia,IDN,2006,-0.8384197,-0.3315875,-0.7190338,WWGI
Japan,JPN,2006,1.329219,1.589435,1.363448,WWGI
Kazakhstan,KAZ,2006,-0.9921018,-0.4263095,-1.015587,WWGI
Kiribati,KIR,2006,0.0480343,-0.4884038,0.8492128,WWGI
Kyrgyz Republic,KGZ,2006,-1.317895,-0.8058547,-1.313625,WWGI
Lao PDR,LAO,2006,-1.314594,-0.9770249,-1.01524,WWGI
Malaysia,MYS,2006,0.2340544,1.267115,0.4673473,WWGI
Maldives,MDV,2006,-0.5997719,0.1291752,-0.0666002,WWGI
Marshall Islands,MHL,2006,-0.5547745,-1.156603,0.0318772,WWGI
"Micronesia, Fed. Sts.",FSM,2006,-0.2524891,-0.3004403,0.684762,WWGI
Mongolia,MNG,2006,-0.5846398,-0.4841076,-0.3195785,WWGI
Myanmar,MMR,2006,-1.657953,-1.453449,-1.533385,WWGI
Nauru,NRU,2006,,,0.9949803,WWGI
Nepal,NPL,2006,-0.6936904,-0.9054664,-0.6230243,WWGI
New Zealand,NZL,2006,2.333123,1.587881,1.808222,WWGI
Papua New Guinea,PNG,2006,-1.135809,-0.7484823,-0.8270267,WWGI
Niue,NIU,2006,,,,WWGI
Pakistan,PAK,2006,-0.8135825,-0.375228,-0.8564096,WWGI
Palau,PLW,2006,,,0.9949803,WWGI
Philippines,PHL,2006,-0.8302639,-0.1313469,-0.4109581,WWGI
Samoa,WSM,2006,0.2411329,0.3234423,0.9399202,WWGI
Singapore,SGP,2006,2.185165,2.212474,1.586578,WWGI
Solomon Islands,SLB,2006,-0.2189573,-1.008063,-0.6041252,WWGI
"Korea, Rep.",KOR,2006,0.3483674,1.045397,0.8714592,WWGI
Sri Lanka,LKA,2006,-0.2000842,-0.1612208,0.1753448,WWGI
"Taiwan, China",TWN,2006,0.5339415,1.196756,0.7837842,WWGI
Tajikistan,TJK,2006,-1.033867,-1.057266,-1.178524,WWGI
Thailand,THA,2006,-0.3842641,0.4517171,-0.0557727,WWGI
Timor-Leste,TLS,2006,-0.6023827,-1.195935,-1.094152,WWGI
Tonga,TON,2006,-1.339974,-0.6578344,0.5859073,WWGI
Turkmenistan,TKM,2006,-1.523663,-1.52604,-1.640511,WWGI
Tuvalu,TUV,2006,-0.0989187,-0.337794,1.090415,WWGI
Uzbekistan,UZB,2006,-1.004751,-1.155262,-1.446826,WWGI
Vanuatu,VUT,2006,0.1670396,-0.4303628,0.5475889,WWGI
Vietnam,VNM,2006,-0.7458543,-0.2475519,-0.5208681,WWGI
Afghanistan,AFG,2007,-1.587331,-1.403352,-1.829666,WWGI
Armenia,ARM,2007,-0.7423844,-0.3758438,-0.4983765,WWGI
Australia,AUS,2007,2.010918,1.825559,1.761237,WWGI
Azerbaijan,AZE,2007,-1.122895,-0.7891765,-0.87931,WWGI
Bangladesh,BGD,2007,-1.056078,-0.7045036,-0.8267857,WWGI
Bhutan,BTN,2007,0.8810524,0.2958726,0.3385213,WWGI
Brunei Darussalam,BRN,2007,0.2146689,0.9243966,0.4125388,WWGI
Cambodia,KHM,2007,-1.145038,-0.9037987,-1.142244,WWGI
China,CHN,2007,-0.5896475,0.1827777,-0.5422143,WWGI
"Hong Kong SAR, China",HKG,2007,1.917979,1.870795,1.526227,WWGI
Cook Islands,COK,2007,1.047707,0.7285443,0.5134499,WWGI
Fiji,FJI,2007,-0.0465872,-0.4322089,-0.6009282,WWGI
Georgia,GEO,2007,-0.1345587,0.1105726,-0.346999,WWGI
India,IND,2007,-0.3981131,0.1219054,0.0937817,WWGI
Indonesia,IDN,2007,-0.6190162,-0.2771957,-0.6814666,WWGI
Japan,JPN,2007,1.238238,1.447718,1.335137,WWGI
Kazakhstan,KAZ,2007,-0.9900697,-0.5798957,-0.9477491,WWGI
Kiribati,KIR,2007,0.0995177,-0.6684599,0.7565856,WWGI
Kyrgyz Republic,KGZ,2007,-1.31999,-0.7781291,-1.318499,WWGI
Lao PDR,LAO,2007,-1.269775,-0.8988742,-0.9570118,WWGI
Malaysia,MYS,2007,0.1920508,1.238987,0.4377053,WWGI
Maldives,MDV,2007,-0.8566247,0.0750399,-0.1642235,WWGI
Marshall Islands,MHL,2007,-0.6098314,-1.28839,-0.016319,WWGI
"Micronesia, Fed. Sts.",FSM,2007,-0.3385304,-0.7275328,0.6169169,WWGI
Mongolia,MNG,2007,-0.6148518,-0.5388252,-0.3474436,WWGI
Myanmar,MMR,2007,-1.625108,-1.480536,-1.547747,WWGI
Nauru,NRU,2007,-0.3528202,-0.5789648,0.5139782,WWGI
Nepal,NPL,2007,-0.7883176,-0.7107469,-0.5932156,WWGI
New Zealand,NZL,2007,2.328567,1.664326,1.844565,WWGI
Papua New Guinea,PNG,2007,-1.107466,-0.6539661,-0.8580712,WWGI
Niue,NIU,2007,,,,WWGI
Pakistan,PAK,2007,-0.8167263,-0.479456,-0.8870074,WWGI
Palau,PLW,2007,,,0.8900374,WWGI
Philippines,PHL,2007,-0.719775,0.0731165,-0.4642206,WWGI
Samoa,WSM,2007,0.246864,0.2026847,0.888678,WWGI
Singapore,SGP,2007,2.241867,2.375459,1.612359,WWGI
Solomon Islands,SLB,2007,-0.3899688,-1.078741,-0.7863567,WWGI
"Korea, Rep.",KOR,2007,0.6020547,1.236837,1.029149,WWGI
Sri Lanka,LKA,2007,-0.1529482,-0.0842959,0.1295962,WWGI
"Taiwan, China",TWN,2007,0.5250053,1.114303,0.7894508,WWGI
Tajikistan,TJK,2007,-1.036954,-1.110595,-1.292668,WWGI
Thailand,THA,2007,-0.3694969,0.3614826,-0.1189613,WWGI
Timor-Leste,TLS,2007,-0.6503537,-1.131906,-1.192855,WWGI
Tonga,TON,2007,-1.039538,-0.4798011,0.4569988,WWGI
Turkmenistan,TKM,2007,-1.523284,-1.4318,-1.57191,WWGI
Tuvalu,TUV,2007,-0.236194,-0.4507216,1.004729,WWGI
Uzbekistan,UZB,2007,-1.031079,-1.113672,-1.221515,WWGI
Vanuatu,VUT,2007,0.2271524,-0.4346451,0.5561355,WWGI
Vietnam,VNM,2007,-0.6293012,-0.2405104,-0.4924903,WWGI
Afghanistan,AFG,2008,-1.638287,-1.496089,-1.86438,WWGI
Armenia,ARM,2008,-0.7080976,-0.1726939,-0.3405266,WWGI
Australia,AUS,2008,2.042482,1.79397,1.770851,WWGI
Azerbaijan,AZE,2008,-1.148548,-0.7735335,-0.8324519,WWGI
Bangladesh,BGD,2008,-1.034565,-0.7324244,-0.7501396,WWGI
Bhutan,BTN,2008,0.8581817,0.2825854,0.3841602,WWGI
Brunei Darussalam,BRN,2008,0.4911537,0.8885025,0.4651492,WWGI
Cambodia,KHM,2008,-1.231375,-0.9887551,-1.148304,WWGI
China,CHN,2008,-0.5202951,0.150768,-0.4197974,WWGI
"Hong Kong SAR, China",HKG,2008,1.901366,1.856298,1.489005,WWGI
Cook Islands,COK,2008,,,,WWGI
Fiji,FJI,2008,-0.0481335,-0.7335429,-0.5614722,WWGI
Georgia,GEO,2008,-0.108393,0.2967184,-0.2673092,WWGI
India,IND,2008,-0.3371764,-0.0191939,0.0860389,WWGI
Indonesia,IDN,2008,-0.5937,-0.2372018,-0.6538706,WWGI
Japan,JPN,2008,1.335973,1.460432,1.318866,WWGI
Kazakhstan,KAZ,2008,-0.9782891,-0.4615707,-0.8240984,WWGI
Kiribati,KIR,2008,-0.0265449,-0.6963969,0.3530946,WWGI
Kyrgyz Republic,KGZ,2008,-1.222449,-0.7883915,-1.371563,WWGI
Lao PDR,LAO,2008,-1.197019,-0.8755752,-0.8692254,WWGI
Malaysia,MYS,2008,-0.047309,1.108519,0.3449331,WWGI
Maldives,MDV,2008,-0.8181251,-0.2293086,-0.1847449,WWGI
Marshall Islands,MHL,2008,-0.5667388,-1.304649,0.203876,WWGI
"Micronesia, Fed. Sts.",FSM,2008,-0.3131559,-0.72589,0.341098,WWGI
Mongolia,MNG,2008,-0.661201,-0.5280833,-0.3458996,WWGI
Myanmar,MMR,2008,-1.616428,-1.530751,-1.541819,WWGI
Nauru,NRU,2008,-0.3233833,-0.4321648,0.3719442,WWGI
Nepal,NPL,2008,-0.8086575,-0.8005978,-0.6734937,WWGI
New Zealand,NZL,2008,2.313838,1.678087,1.862746,WWGI
Papua New Guinea,PNG,2008,-1.15477,-0.6948548,-0.9159881,WWGI
Niue,NIU,2008,,,,WWGI
Pakistan,PAK,2008,-0.8950734,-0.7237101,-0.968671,WWGI
Palau,PLW,2008,-0.3233833,-0.6009423,0.7794548,WWGI
Philippines,PHL,2008,-0.7562126,0.016421,-0.5456504,WWGI
Samoa,WSM,2008,0.2070555,0.1640486,0.7890798,WWGI
Singapore,SGP,2008,2.247644,2.436975,1.606087,WWGI
Solomon Islands,SLB,2008,-0.3707808,-0.9970134,-0.6368995,WWGI
"Korea, Rep.",KOR,2008,0.4701436,1.05099,0.8808925,WWGI
Sri Lanka,LKA,2008,-0.2252109,-0.1228165,-0.0118438,WWGI
"Taiwan, China",TWN,2008,0.5228266,1.136482,0.7850089,WWGI
Tajikistan,TJK,2008,-1.18186,-1.072905,-1.285771,WWGI
Thailand,THA,2008,-0.4077929,0.2205064,-0.1402466,WWGI
Timor-Leste,TLS,2008,-0.6473844,-1.047847,-1.046781,WWGI
Tonga,TON,2008,-0.6556217,-0.4582746,0.0736315,WWGI
Turkmenistan,TKM,2008,-1.498502,-1.424742,-1.471751,WWGI
Tuvalu,TUV,2008,-0.2121344,-0.5716191,0.9869859,WWGI
Uzbekistan,UZB,2008,-1.063894,-0.8726988,-1.166035,WWGI
Vanuatu,VUT,2008,0.287317,-0.3016436,0.4633517,WWGI
Vietnam,VNM,2008,-0.7071454,-0.2121504,-0.4651269,WWGI
Afghanistan,AFG,2009,-1.534796,-1.483899,-1.847092,WWGI
Armenia,ARM,2009,-0.6197577,-0.0297348,-0.475852,WWGI
Australia,AUS,2009,2.051661,1.705787,1.740398,WWGI
Azerbaijan,AZE,2009,-1.188454,-0.6581194,-0.8799943,WWGI
Bangladesh,BGD,2009,-1.06978,-0.7912479,-0.7855526,WWGI
Bhutan,BTN,2009,0.9099128,0.4948203,0.2132208,WWGI
Brunei Darussalam,BRN,2009,0.9914091,0.9180717,0.7886911,WWGI
Cambodia,KHM,2009,-1.174739,-0.9450983,-1.118063,WWGI
China,CHN,2009,-0.5149382,0.0938044,-0.4070508,WWGI
"Hong Kong SAR, China",HKG,2009,1.886195,1.741184,1.49594,WWGI
Cook Islands,COK,2009,-0.579232,-0.9838497,-0.7772179,WWGI
Fiji,FJI,2009,-0.3424164,-0.9101737,-0.7710723,WWGI
Georgia,GEO,2009,-0.1239845,0.2873248,-0.2049277,WWGI
India,IND,2009,-0.4519712,-0.0124214,0.013824,WWGI
Indonesia,IDN,2009,-0.8386456,-0.2981317,-0.6026188,WWGI
Japan,JPN,2009,1.377338,1.454036,1.293836,WWGI
Kazakhstan,KAZ,2009,-0.9331235,-0.3915207,-0.6456799,WWGI
Kiribati,KIR,2009,-0.1561034,-0.7840247,0.127355,WWGI
Kyrgyz Republic,KGZ,2009,-1.305888,-0.9648597,-1.325342,WWGI
Lao PDR,LAO,2009,-1.238691,-0.9469504,-1.053463,WWGI
Malaysia,MYS,2009,-0.0564772,0.983706,0.4559681,WWGI
Maldives,MDV,2009,-0.6669996,-0.4402517,-0.1897115,WWGI
Marshall Islands,MHL,2009,-0.3446968,-1.398362,-0.2858856,WWGI
"Micronesia, Fed. Sts.",FSM,2009,-0.1349802,-0.7092258,0.041141,WWGI
Mongolia,MNG,2009,-0.75866,-0.6674092,-0.2607741,WWGI
Myanmar,MMR,2009,-1.660424,-1.614053,-1.531916,WWGI
Nauru,NRU,2009,-0.3968646,-0.3946568,0.4789119,WWGI
Nepal,NPL,2009,-0.7025764,-0.9502964,-0.8600231,WWGI
New Zealand,NZL,2009,2.391192,1.85184,1.930312,WWGI
Papua New Guinea,PNG,2009,-1.232532,-0.739181,-0.8916238,WWGI
Niue,NIU,2009,-0.579232,-0.9838497,-0.7772179,WWGI
Pakistan,PAK,2009,-1.069159,-0.8008026,-0.8310665,WWGI
Palau,PLW,2009,-0.3968646,-0.5462212,0.8114331,WWGI
Philippines,PHL,2009,-0.7682769,-0.0265842,-0.5705019,WWGI
Samoa,WSM,2009,0.1171295,0.0305289,0.6391839,WWGI
Singapore,SGP,2009,2.217089,2.270797,1.566005,WWGI
Solomon Islands,SLB,2009,-0.2926673,-1.099491,-0.6806033,WWGI
"Korea, Rep.",KOR,2009,0.5350723,1.094725,0.9937183,WWGI
Sri Lanka,LKA,2009,-0.3974278,-0.1481891,-0.1070998,WWGI
"Taiwan, China",TWN,2009,0.6201826,1.161016,0.9424071,WWGI
Tajikistan,TJK,2009,-1.214975,-1.106588,-1.26772,WWGI
Thailand,THA,2009,-0.3097054,0.267293,-0.2301871,WWGI
Timor-Leste,TLS,2009,-0.8001626,-1.171952,-1.186103,WWGI
Tonga,TON,2009,-0.6779904,-0.3544413,-0.0890908,WWGI
Turkmenistan,TKM,2009,-1.528696,-1.445099,-1.470047,WWGI
Tuvalu,TUV,2009,-0.2157806,-0.4428224,1.022784,WWGI
Uzbekistan,UZB,2009,-1.268171,-0.6254953,-1.321667,WWGI
Vanuatu,VUT,2009,0.3045432,-0.3239454,0.3978992,WWGI
Vietnam,VNM,2009,-0.5441679,-0.2552605,-0.5400582,WWGI
Afghanistan,AFG,2010,-1.636177,-1.454611,-1.845427,WWGI
Armenia,ARM,2010,-0.6964903,-0.1839135,-0.488626,WWGI
Australia,AUS,2010,2.032045,1.768468,1.764987,WWGI
Azerbaijan,AZE,2010,-1.244144,-0.8069345,-0.8930393,WWGI
Bangladesh,BGD,2010,-1.05741,-0.7356407,-0.8029216,WWGI
Bhutan,BTN,2010,0.9129064,0.5844976,0.1618841,WWGI
Brunei Darussalam,BRN,2010,0.863385,0.9017023,0.7792174,WWGI
Cambodia,KHM,2010,-1.243371,-0.9429737,-1.118496,WWGI
China,CHN,2010,-0.5617908,0.0885483,-0.4099019,WWGI
"Hong Kong SAR, China",HKG,2010,1.962684,1.680426,1.543053,WWGI
Cook Islands,COK,2010,-0.249544,-1.011424,-0.9116844,WWGI
Fiji,FJI,2010,-0.4592106,-0.7242482,-0.8484085,WWGI
Georgia,GEO,2010,0.0079711,0.3091346,-0.2096013,WWGI
India,IND,2010,-0.4682387,0.0258973,-0.0373795,WWGI
Indonesia,IDN,2010,-0.7515621,-0.2143717,-0.6399844,WWGI
Japan,JPN,2010,1.560917,1.527408,1.326391,WWGI
Kazakhstan,KAZ,2010,-0.9981285,-0.4361446,-0.6158919,WWGI
Kiribati,KIR,2010,-0.0772984,-0.850458,0.0551008,WWGI
Kyrgyz Republic,KGZ,2010,-1.173552,-0.651715,-1.266846,WWGI
Lao PDR,LAO,2010,-1.193796,-0.8600156,-0.9797619,WWGI
Malaysia,MYS,2010,0.0893046,1.120302,0.4781814,WWGI
Maldives,MDV,2010,-0.5480477,-0.2071983,-0.3370196,WWGI
Marshall Islands,MHL,2010,-0.3347448,-1.281197,-0.2602703,WWGI
"Micronesia, Fed. Sts.",FSM,2010,-0.1497959,-0.8025251,-0.1015308,WWGI
Mongolia,MNG,2010,-0.7353915,-0.572001,-0.3602034,WWGI
Myanmar,MMR,2010,-1.67334,-1.61781,-1.547695,WWGI
Nauru,NRU,2010,0.0135272,-0.5599803,0.4645541,WWGI
Nepal,NPL,2010,-0.6926662,-0.8735382,-0.9518496,WWGI
New Zealand,NZL,2010,2.338579,1.816404,1.869271,WWGI
Papua New Guinea,PNG,2010,-1.044271,-0.7185656,-0.9091606,WWGI
Niue,NIU,2010,-0.4599035,-1.011424,-0.735762,WWGI
Pakistan,PAK,2010,-1.087688,-0.7658637,-0.7387066,WWGI
Palau,PLW,2010,-0.500219,-0.8492996,0.7541239,WWGI
Philippines,PHL,2010,-0.760691,0.0014643,-0.5525689,WWGI
Samoa,WSM,2010,0.1203972,-0.0391048,0.6666054,WWGI
Singapore,SGP,2010,2.180155,2.241065,1.625962,WWGI
Solomon Islands,SLB,2010,-0.3475579,-0.9544448,-0.6517897,WWGI
"Korea, Rep.",KOR,2010,0.4696376,1.204439,1.003899,WWGI
Sri Lanka,LKA,2010,-0.4214559,-0.1950748,-0.1214751,WWGI
"Taiwan, China",TWN,2010,0.7436285,1.176049,1.013447,WWGI
Tajikistan,TJK,2010,-1.291416,-0.9184213,-1.209445,WWGI
Thailand,THA,2010,-0.333946,0.1876491,-0.2046878,WWGI
Timor-Leste,TLS,2010,-0.7597026,-1.224391,-1.167089,WWGI
Tonga,TON,2010,-0.3344129,-0.3172604,0.0694468,WWGI
Turkmenistan,TKM,2010,-1.532135,-1.563445,-1.487252,WWGI
Tuvalu,TUV,2010,-0.2565227,-0.4873576,0.9992948,WWGI
Uzbekistan,UZB,2010,-1.297584,-0.7137957,-1.41596,WWGI
Vanuatu,VUT,2010,0.2923244,-0.2723725,0.2635953,WWGI
Vietnam,VNM,2010,-0.6237419,-0.2591993,-0.5913824,WWGI
Afghanistan,AFG,2011,-1.579174,-1.448444,-1.896546,WWGI
Armenia,ARM,2011,-0.6568627,-0.1289906,-0.4409416,WWGI
Australia,AUS,2011,2.04471,1.695814,1.742514,WWGI
Azerbaijan,AZE,2011,-1.178846,-0.7651436,-0.8936627,WWGI
Bangladesh,BGD,2011,-1.087299,-0.7552108,-0.7323931,WWGI
Bhutan,BTN,2011,0.8385482,0.6325497,0.1955945,WWGI
Brunei Darussalam,BRN,2011,0.8616439,0.8969321,0.8499598,WWGI
Cambodia,KHM,2011,-1.238731,-0.8627387,-1.04499,WWGI
China,CHN,2011,-0.5070884,0.0881574,-0.46481,WWGI
"Hong Kong SAR, China",HKG,2011,1.852496,1.650636,1.554583,WWGI
Cook Islands,COK,2011,-0.2318449,-0.9730545,-0.8820833,WWGI
Fiji,FJI,2011,-0.1258441,-0.7061993,-0.8244902,WWGI
Georgia,GEO,2011,0.1184005,0.5535932,-0.1242663,WWGI
India,IND,2011,-0.5362576,0.0059228,-0.0906831,WWGI
Indonesia,IDN,2011,-0.7018531,-0.2594484,-0.5929989,WWGI
Japan,JPN,2011,1.561326,1.472547,1.311966,WWGI
Kazakhstan,KAZ,2011,-0.9914735,-0.4098542,-0.5734761,WWGI
Kiribati,KIR,2011,0.0950191,-0.7764066,0.1002314,WWGI
Kyrgyz Republic,KGZ,2011,-1.218826,-0.6379873,-1.19029,WWGI
Lao PDR,LAO,2011,-1.177121,-0.8338407,-1.000485,WWGI
Malaysia,MYS,2011,0.0295228,1.021066,0.4786735,WWGI
Maldives,MDV,2011,-0.5548047,-0.3059395,-0.5539944,WWGI
Marshall Islands,MHL,2011,-0.3320265,-1.46187,0.1230095,WWGI
"Micronesia, Fed. Sts.",FSM,2011,-0.3445338,-0.7549848,-0.0612899,WWGI
Mongolia,MNG,2011,-0.6920758,-0.5857348,-0.2670228,WWGI
Myanmar,MMR,2011,-1.586766,-1.596782,-1.438391,WWGI
Nauru,NRU,2011,-0.0404012,-0.5776894,0.5621791,WWGI
Nepal,NPL,2011,-0.7789158,-0.9025427,-0.8866997,WWGI
New Zealand,NZL,2011,2.297591,1.877416,1.90442,WWGI
Papua New Guinea,PNG,2011,-1.022831,-0.7111115,-0.8055716,WWGI
Niue,NIU,2011,-0.4412377,-0.9730545,-0.7358481,WWGI
Pakistan,PAK,2011,-1.076278,-0.817893,-0.9018267,WWGI
Palau,PLW,2011,-0.5288443,-0.5776894,0.8949479,WWGI
Philippines,PHL,2011,-0.6670987,0.0902608,-0.5110275,WWGI
Samoa,WSM,2011,0.0970169,-0.0094811,0.6886986,WWGI
Singapore,SGP,2011,2.109778,2.154623,1.66993,WWGI
Solomon Islands,SLB,2011,-0.3432978,-0.8646513,-0.5232059,WWGI
"Korea, Rep.",KOR,2011,0.5283377,1.252658,1.025932,WWGI
Sri Lanka,LKA,2011,-0.393244,-0.1114646,-0.1222856,WWGI
"Taiwan, China",TWN,2011,0.8722753,1.147194,1.034143,WWGI
Tajikistan,TJK,2011,-1.218252,-0.9482636,-1.22634,WWGI
Thailand,THA,2011,-0.3234363,0.2058027,-0.2038983,WWGI
Timor-Leste,TLS,2011,-0.8097211,-1.153561,-1.175452,WWGI
Tonga,TON,2011,-0.3317236,-0.363674,-0.0166383,WWGI
Turkmenistan,TKM,2011,-1.54336,-1.603811,-1.456832,WWGI
Tuvalu,TUV,2011,-0.5269584,-0.7950319,0.4737955,WWGI
Uzbekistan,UZB,2011,-1.370546,-0.6850357,-1.445755,WWGI
Vanuatu,VUT,2011,0.2993033,-0.243702,0.2747931,WWGI
Vietnam,VNM,2011,-0.6072856,-0.232533,-0.5448652,WWGI
Afghanistan,AFG,2012,-1.419741,-1.360196,-1.643081,WWGI
Armenia,ARM,2012,-0.5878049,-0.0423688,-0.4178914,WWGI
Australia,AUS,2012,1.985249,1.62129,1.766858,WWGI
Azerbaijan,AZE,2012,-1.126805,-0.7827144,-0.8344684,WWGI
Bangladesh,BGD,2012,-0.8498092,-0.804239,-0.9292567,WWGI
Bhutan,BTN,2012,0.9395218,0.5124978,0.2363021,WWGI
Brunei Darussalam,BRN,2012,0.5458052,0.8434001,0.7930172,WWGI
Cambodia,KHM,2012,-1.070025,-0.8159052,-0.9796243,WWGI
China,CHN,2012,-0.4357484,0.0233264,-0.5428619,WWGI
"Hong Kong SAR, China",HKG,2012,1.740234,1.834511,1.580348,WWGI
Cook Islands,COK,2012,-0.218857,-0.9988776,-0.9360893,WWGI
Fiji,FJI,2012,-0.1102152,-0.8380788,-0.7911764,WWGI
Georgia,GEO,2012,0.4010559,0.6057203,-0.0145602,WWGI
India,IND,2012,-0.5132697,-0.1710446,-0.0719577,WWGI
Indonesia,IDN,2012,-0.6397947,-0.273001,-0.5756522,WWGI
Japan,JPN,2012,1.626548,1.415494,1.357793,WWGI
Kazakhstan,KAZ,2012,-0.9190874,-0.4403299,-0.6845782,WWGI
Kiribati,KIR,2012,0.0063897,-0.7959709,0.1416606,WWGI
Kyrgyz Republic,KGZ,2012,-1.149493,-0.649578,-1.129424,WWGI
Lao PDR,LAO,2012,-1.019289,-0.8377884,-0.8515942,WWGI
Malaysia,MYS,2012,0.2374538,0.9197366,0.4650094,WWGI
Maldives,MDV,2012,-0.7027921,-0.2152527,-0.5417812,WWGI
Marshall Islands,MHL,2012,-0.2639839,-1.440469,0.0284789,WWGI
"Micronesia, Fed. Sts.",FSM,2012,-0.1481447,-0.6433704,-0.0155272,WWGI
Mongolia,MNG,2012,-0.535103,-0.6362302,-0.3754402,WWGI
Myanmar,MMR,2012,-1.063255,-1.481443,-1.354667,WWGI
Nauru,NRU,2012,-0.0176011,-0.5563569,0.732357,WWGI
Nepal,NPL,2012,-0.8129804,-0.9827667,-0.735665,WWGI
New Zealand,NZL,2012,2.31576,1.800852,1.890485,WWGI
Papua New Guinea,PNG,2012,-0.9380295,-0.7407336,-0.8362243,WWGI
Niue,NIU,2012,-0.4353436,-0.9988776,-0.7848002,WWGI
Pakistan,PAK,2012,-1.062848,-0.7780076,-0.884176,WWGI
Palau,PLW,2012,-0.4270297,-0.5563569,0.9037626,WWGI
Philippines,PHL,2012,-0.5628825,0.1080892,-0.5231333,WWGI
Samoa,WSM,2012,0.1066658,-0.0191277,0.6759908,WWGI
Singapore,SGP,2012,2.123504,2.165925,1.731099,WWGI
Solomon Islands,SLB,2012,-0.3581656,-0.8060813,-0.5399753,WWGI
"Korea, Rep.",KOR,2012,0.534928,1.199197,0.9841591,WWGI
Sri Lanka,LKA,2012,-0.2368751,-0.2076246,-0.1223696,WWGI
"Taiwan, China",TWN,2012,0.7225365,1.153928,1.049876,WWGI
Tajikistan,TJK,2012,-1.275516,-0.9312044,-1.20035,WWGI
Thailand,THA,2012,-0.3662243,0.2245758,-0.1510798,WWGI
Timor-Leste,TLS,2012,-0.7359146,-1.180872,-1.144864,WWGI
Tonga,TON,2012,-0.3212279,-0.4081213,-0.0375934,WWGI
Turkmenistan,TKM,2012,-1.431173,-1.257159,-1.402587,WWGI
Tuvalu,TUV,2012,-0.350519,-0.6933141,0.4614491,WWGI
Uzbekistan,UZB,2012,-1.301437,-0.9106965,-1.290145,WWGI
Vanuatu,VUT,2012,0.3365192,-0.2233136,0.2845534,WWGI
Vietnam,VNM,2012,-0.5280299,-0.2699399,-0.5515664,WWGI
Afghanistan,AFG,2013,-1.43651,-1.385382,-1.597348,WWGI
Armenia,ARM,2013,-0.5317937,0.0688658,-0.3442721,WWGI
Australia,AUS,2013,1.785226,1.640055,1.778535,WWGI
Azerbaijan,AZE,2013,-0.9665772,-0.4752991,-0.7239093,WWGI
Bangladesh,BGD,2013,-0.8868789,-0.7941526,-0.8668659,WWGI
Bhutan,BTN,2013,0.9015949,0.4003721,0.2902508,WWGI
Brunei Darussalam,BRN,2013,0.6461149,0.8697968,0.5945292,WWGI
Cambodia,KHM,2013,-1.052218,-0.9065329,-1.004164,WWGI
China,CHN,2013,-0.3582174,0.0034887,-0.5246463,WWGI
"Hong Kong SAR, China",HKG,2013,1.643553,1.746092,1.573712,WWGI
Cook Islands,COK,2013,-0.2185534,-0.9944172,-0.9324832,WWGI
Fiji,FJI,2013,-0.1209893,-0.8437901,-0.8230026,WWGI
Georgia,GEO,2013,0.4692806,0.5851756,-0.0060284,WWGI
India,IND,2013,-0.5172881,-0.1717331,-0.0573845,WWGI
Indonesia,IDN,2013,-0.6136571,-0.1989508,-0.5308241,WWGI
Japan,JPN,2013,1.655598,1.618248,1.44361,WWGI
Kazakhstan,KAZ,2013,-0.9288022,-0.5330504,-0.6916572,WWGI
Kiribati,KIR,2013,-0.0423936,-0.7700297,0.1815301,WWGI
Kyrgyz Republic,KGZ,2013,-1.162661,-0.6522024,-1.109251,WWGI
Lao PDR,LAO,2013,-0.9337132,-0.7303624,-0.8003266,WWGI
Malaysia,MYS,2013,0.3502346,0.9998574,0.435685,WWGI
Maldives,MDV,2013,-0.7475998,-0.3224895,-0.7466669,WWGI
Marshall Islands,MHL,2013,-0.0377923,-1.566291,0.1330848,WWGI
"Micronesia, Fed. Sts.",FSM,2013,-0.2044475,-0.5713717,0.0652919,WWGI
Mongolia,MNG,2013,-0.4790803,-0.5487577,-0.3714384,WWGI
Myanmar,MMR,2013,-0.9998913,-1.497578,-1.233859,WWGI
Nauru,NRU,2013,-0.6431231,-0.5787581,0.6232479,WWGI
Nepal,NPL,2013,-0.6867849,-0.9266179,-0.7181886,WWGI
New Zealand,NZL,2013,2.341601,1.758012,1.878849,WWGI
Papua New Guinea,PNG,2013,-0.9613224,-0.663309,-0.9475831,WWGI
Niue,NIU,2013,-0.423874,-0.9944172,-0.7874811,WWGI
Pakistan,PAK,2013,-0.9561632,-0.7921309,-0.856865,WWGI
Palau,PLW,2013,-0.6431231,-0.5787581,0.9033781,WWGI
Philippines,PHL,2013,-0.3808225,0.118351,-0.403449,WWGI
Samoa,WSM,2013,0.1452864,0.0244862,0.6832136,WWGI
Singapore,SGP,2013,2.077939,2.089236,1.705421,WWGI
Solomon Islands,SLB,2013,-0.4001315,-0.8241681,-0.5256075,WWGI
"Korea, Rep.",KOR,2013,0.614478,1.125629,0.9537362,WWGI
Sri Lanka,LKA,2013,-0.2147457,-0.17006,-0.2770237,WWGI
"Taiwan, China",TWN,2013,0.6794441,1.211042,1.050092,WWGI
Tajikistan,TJK,2013,-1.284166,-1.058831,-1.252659,WWGI
Thailand,THA,2013,-0.3434226,0.2478922,-0.1205995,WWGI
Timor-Leste,TLS,2013,-0.6837089,-1.231673,-1.2085,WWGI
Tonga,TON,2013,-0.2825491,-0.4047104,-0.0055071,WWGI
Turkmenistan,TKM,2013,-1.407863,-1.282312,-1.386706,WWGI
Tuvalu,TUV,2013,-0.3962667,-0.6596131,0.4851204,WWGI
Uzbekistan,UZB,2013,-1.263031,-0.9140525,-1.226715,WWGI
Vanuatu,VUT,2013,0.2884517,-0.2127796,0.3092289,WWGI
Vietnam,VNM,2013,-0.4781188,-0.2658597,-0.5148515,WWGI
Afghanistan,AFG,2014,-1.354829,-1.332015,-1.445761,WWGI
Armenia,ARM,2014,-0.5239608,-0.1984497,-0.3660013,WWGI
Australia,AUS,2014,1.853722,1.607067,1.923046,WWGI
Azerbaijan,AZE,2014,-1.018758,-0.3642464,-0.6723402,WWGI
Bangladesh,BGD,2014,-0.8869365,-0.7662596,-0.7777678,WWGI
Bhutan,BTN,2014,1.280615,0.2558368,0.3789314,WWGI
Brunei Darussalam,BRN,2014,0.53139,1.086186,0.4724531,WWGI
Cambodia,KHM,2014,-1.137787,-0.6894538,-0.9553155,WWGI
China,CHN,2014,-0.3400132,0.3225908,-0.414574,WWGI
"Hong Kong SAR, China",HKG,2014,1.619889,1.832899,1.860669,WWGI
Cook Islands,COK,2014,,,,WWGI
Fiji,FJI,2014,0.1793656,-0.3682029,-0.5115845,WWGI
Georgia,GEO,2014,0.7860679,0.488922,0.190843,WWGI
India,IND,2014,-0.4279765,-0.2060476,-0.0633363,WWGI
Indonesia,IDN,2014,-0.5617322,-0.0375725,-0.3422761,WWGI
Japan,JPN,2014,1.694852,1.812477,1.601478,WWGI
Kazakhstan,KAZ,2014,-0.8304356,-0.0430555,-0.5981513,WWGI
Kiribati,KIR,2014,0.2519078,-0.5611627,-0.1244644,WWGI
Kyrgyz Republic,KGZ,2014,-1.127966,-0.8659378,-0.9270172,WWGI
Lao PDR,LAO,2014,-0.8490463,-0.4157525,-0.751461,WWGI
Malaysia,MYS,2014,0.4112889,1.114984,0.5882153,WWGI
Maldives,MDV,2014,-0.3765603,-0.362095,-0.5302707,WWGI
Marshall Islands,MHL,2014,-0.107671,-1.559072,-0.2221721,WWGI
"Micronesia, Fed. Sts.",FSM,2014,0.7686412,-0.4979578,-0.2810299,WWGI
Mongolia,MNG,2014,-0.4737496,-0.4359458,-0.3448353,WWGI
Myanmar,MMR,2014,-0.8821717,-1.279958,-1.185768,WWGI
Nauru,NRU,2014,-0.4725188,-0.5690626,-1.009193,WWGI
Nepal,NPL,2014,-0.588211,-0.8520671,-0.649678,WWGI
New Zealand,NZL,2014,2.253601,1.932078,2.008719,WWGI
Papua New Guinea,PNG,2014,-0.9104193,-0.6131731,-0.8018588,WWGI
Niue,NIU,2014,,,,WWGI
Pakistan,PAK,2014,-0.833827,-0.7555079,-0.7604407,WWGI
Palau,PLW,2014,-0.4725188,-0.5690626,0.2755073,WWGI
Philippines,PHL,2014,-0.4370157,0.1927041,-0.3174057,WWGI
Samoa,WSM,2014,0.2961685,0.454568,0.7173197,WWGI
Singapore,SGP,2014,2.07166,2.182681,1.824715,WWGI
Solomon Islands,SLB,2014,-0.2779049,-1.068603,-0.5023792,WWGI
"Korea, Rep.",KOR,2014,0.5477043,1.164612,0.9934545,WWGI
Sri Lanka,LKA,2014,-0.3438012,0.0535279,-0.1701762,WWGI
"Taiwan, China",TWN,2014,0.8072926,1.367739,1.187875,WWGI
Tajikistan,TJK,2014,-1.12716,-0.7831218,-1.011117,WWGI
Thailand,THA,2014,-0.4502288,0.3376566,-0.1914607,WWGI
Timor-Leste,TLS,2014,-0.5263678,-1.181185,-1.121661,WWGI
Tonga,TON,2014,-0.3144411,-0.0695224,-0.1459795,WWGI
Turkmenistan,TKM,2014,-1.314402,-0.8427268,-1.364684,WWGI
Tuvalu,TUV,2014,-0.0145656,-0.9272263,0.3735487,WWGI
Uzbekistan,UZB,2014,-1.185251,-0.6288043,-1.12977,WWGI
Vanuatu,VUT,2014,0.4618848,-0.5343668,0.1785327,WWGI
Vietnam,VNM,2014,-0.4361547,-0.0708256,-0.3599141,WWGI
Afghanistan,AFG,2015,-1.342216,-1.323176,-1.504086,WWGI
Armenia,ARM,2015,-0.5338398,-0.1610711,-0.3879299,WWGI
Australia,AUS,2015,1.882711,1.564191,1.825073,WWGI
Azerbaijan,AZE,2015,-0.9300975,-0.2576264,-0.6737632,WWGI
Bangladesh,BGD,2015,-0.8084212,-0.723855,-0.7513467,WWGI
Bhutan,BTN,2015,1.022701,0.4060493,0.5222453,WWGI
Brunei Darussalam,BRN,2015,0.5727226,1.059632,0.4078772,WWGI
Cambodia,KHM,2015,-1.118153,-0.6996924,-0.9785324,WWGI
China,CHN,2015,-0.2820595,0.4075751,-0.4098733,WWGI
"Hong Kong SAR, China",HKG,2015,1.651854,1.908817,1.825471,WWGI
Cook Islands,COK,2015,,,,WWGI
Fiji,FJI,2015,0.170082,-0.2915429,-0.4041793,WWGI
Georgia,GEO,2015,0.6799068,0.4042414,0.2714227,WWGI
India,IND,2015,-0.3519882,0.0900683,-0.0474092,WWGI
Indonesia,IDN,2015,-0.4583642,-0.2408801,-0.4221742,WWGI
Japan,JPN,2015,1.5697,1.784168,1.518585,WWGI
Kazakhstan,KAZ,2015,-0.8527389,-0.0735818,-0.4394074,WWGI
Kiribati,KIR,2015,0.2202898,-0.4900719,-0.155342,WWGI
Kyrgyz Republic,KGZ,2015,-1.149887,-0.9147314,-0.9893041,WWGI
Lao PDR,LAO,2015,-0.9117131,-0.5108117,-0.7987957,WWGI
Malaysia,MYS,2015,0.2352521,0.948642,0.5018221,WWGI
Maldives,MDV,2015,-0.4793919,-0.3761196,-0.5763371,WWGI
Marshall Islands,MHL,2015,-0.1150457,-1.60135,-0.2127134,WWGI
"Micronesia, Fed. Sts.",FSM,2015,0.6807384,-0.3972601,-0.295624,WWGI
Mongolia,MNG,2015,-0.4916313,-0.4190106,-0.3798697,WWGI
Myanmar,MMR,2015,-0.8362782,-1.238808,-1.236593,WWGI
Nauru,NRU,2015,-0.5247039,-0.5365816,-1.086243,WWGI
Nepal,NPL,2015,-0.5780753,-1.053868,-0.6769011,WWGI
New Zealand,NZL,2015,2.27633,1.884018,2.001249,WWGI
Papua New Guinea,PNG,2015,-0.9399223,-0.6067827,-0.8693526,WWGI
Niue,NIU,2015,,,,WWGI
Pakistan,PAK,2015,-0.8108425,-0.667757,-0.766732,WWGI
Palau,PLW,2015,-0.5247039,-0.5365816,0.244574,WWGI
Philippines,PHL,2015,-0.4534664,0.1119681,-0.3429787,WWGI
Samoa,WSM,2015,0.2912004,0.5082157,0.6983694,WWGI
Singapore,SGP,2015,2.093367,2.236045,1.813336,WWGI
Solomon Islands,SLB,2015,-0.3408055,-1.024599,-0.4862776,WWGI
"Korea, Rep.",KOR,2015,0.3738367,1.012077,0.9322705,WWGI
Sri Lanka,LKA,2015,-0.3441233,-0.0095256,0.0372322,WWGI
"Taiwan, China",TWN,2015,0.7740635,1.395429,1.162021,WWGI
Tajikistan,TJK,2015,-1.125875,-0.8484808,-1.055601,WWGI
Thailand,THA,2015,-0.4934061,0.3498439,-0.1477922,WWGI
Timor-Leste,TLS,2015,-0.521642,-1.045753,-1.121583,WWGI
Tonga,TON,2015,-0.467394,-0.3304715,-0.2009375,WWGI
Turkmenistan,TKM,2015,-1.346857,-0.8507059,-1.417884,WWGI
Tuvalu,TUV,2015,-0.0328858,-0.9637454,0.3569353,WWGI
Uzbekistan,UZB,2015,-1.262162,-0.6720677,-1.111262,WWGI
Vanuatu,VUT,2015,-0.1167238,-0.7838682,0.1040307,WWGI
Vietnam,VNM,2015,-0.4261853,0.067127,-0.3394253,WWGI
Afghanistan,AFG,2016,-1.526172,-1.226401,-1.498478,WWGI
Armenia,ARM,2016,-0.571828,-0.1583772,-0.119234,WWGI
Australia,AUS,2016,1.816108,1.568043,1.755667,WWGI
Azerbaijan,AZE,2016,-0.8383624,-0.165814,-0.5200193,WWGI
Bangladesh,BGD,2016,-0.8569472,-0.678781,-0.6636689,WWGI
Bhutan,BTN,2016,1.126535,0.5002068,0.4934784,WWGI
Brunei Darussalam,BRN,2016,0.5684822,1.083784,0.5616808,WWGI
Cambodia,KHM,2016,-1.272752,-0.6942337,-1.063893,WWGI
China,CHN,2016,-0.2539508,0.3545941,-0.3345477,WWGI
"Hong Kong SAR, China",HKG,2016,1.561693,1.841636,1.722995,WWGI
Cook Islands,COK,2016,,,,WWGI
Fiji,FJI,2016,0.130379,-0.2490013,-0.2745952,WWGI
Georgia,GEO,2016,0.6854092,0.5179425,0.3836238,WWGI
India,IND,2016,-0.2821474,0.0749455,-0.0289695,WWGI
Indonesia,IDN,2016,-0.3992099,0.0074111,-0.3448857,WWGI
Japan,JPN,2016,1.524966,1.821532,1.421093,WWGI
Kazakhstan,KAZ,2016,-0.8165768,-0.0672612,-0.4352354,WWGI
Kiribati,KIR,2016,0.2496047,-0.4339803,0.2362976,WWGI
Kyrgyz Republic,KGZ,2016,-1.079152,-0.8957096,-1.023083,WWGI
Lao PDR,LAO,2016,-0.952299,-0.3983734,-0.7960193,WWGI
Malaysia,MYS,2016,0.09614,0.8654159,0.4991277,WWGI
Maldives,MDV,2016,-0.666067,-0.3215832,-0.4077393,WWGI
Marshall Islands,MHL,2016,-0.0510468,-1.56623,-0.0982721,WWGI
"Micronesia, Fed. Sts.",FSM,2016,0.6546528,-0.3351288,-0.050868,WWGI
Mongolia,MNG,2016,-0.4870812,-0.0982263,-0.2203148,WWGI
Myanmar,MMR,2016,-0.6210097,-0.9763568,-0.8871843,WWGI
Nauru,NRU,2016,-0.4280255,-0.6884593,-0.7754999,WWGI
Nepal,NPL,2016,-0.7997717,-0.8265509,-0.795664,WWGI
New Zealand,NZL,2016,2.283908,1.842496,1.95464,WWGI
Papua New Guinea,PNG,2016,-0.9332389,-0.7375593,-0.7766212,WWGI
Niue,NIU,2016,,,,WWGI
Pakistan,PAK,2016,-0.8753213,-0.6534616,-0.8045743,WWGI
Palau,PLW,2016,-0.4280255,-0.4018162,0.3240755,WWGI
Philippines,PHL,2016,-0.4881241,-0.0104617,-0.3550694,WWGI
Samoa,WSM,2016,0.2764556,0.5403722,0.761978,WWGI
Singapore,SGP,2016,2.088079,2.20568,1.825398,WWGI
Solomon Islands,SLB,2016,-0.3442692,-0.9847264,-0.3190676,WWGI
"Korea, Rep.",KOR,2016,0.4569813,1.063653,1.160903,WWGI
Sri Lanka,LKA,2016,-0.3106176,-0.0263917,0.1105179,WWGI
"Taiwan, China",TWN,2016,0.8802445,1.361005,1.141401,WWGI
Tajikistan,TJK,2016,-1.14638,-1.026927,-1.148247,WWGI
Thailand,THA,2016,-0.3888684,0.3417524,-0.0049648,WWGI
Timor-Leste,TLS,2016,-0.510558,-1.014373,-1.158385,WWGI
Tonga,TON,2016,-0.4450608,-0.2822334,0.2584811,WWGI
Turkmenistan,TKM,2016,-1.518446,-1.126665,-1.490112,WWGI
Tuvalu,TUV,2016,0.030646,-0.9257045,0.4657974,WWGI
Uzbekistan,UZB,2016,-1.168731,-0.5774477,-1.107054,WWGI
Vanuatu,VUT,2016,-0.0958526,-0.8800073,0.3382198,WWGI
Vietnam,VNM,2016,-0.452351,0.0194756,0.0752823,WWGI
Afghanistan,AFG,2017,-1.515626,-1.325545,-1.562423,WWGI
Armenia,ARM,2017,-0.5633132,-0.1026952,-0.1606279,WWGI
Australia,AUS,2017,1.798351,1.538219,1.686461,WWGI
Azerbaijan,AZE,2017,-0.8853079,-0.1726412,-0.5575179,WWGI
Bangladesh,BGD,2017,-0.8317032,-0.7350984,-0.6718881,WWGI
Bhutan,BTN,2017,1.553321,0.5571043,0.611513,WWGI
Brunei Darussalam,BRN,2017,0.7151719,1.146735,0.6497172,WWGI
Cambodia,KHM,2017,-1.289828,-0.659631,-1.053886,WWGI
China,CHN,2017,-0.27085,0.4137717,-0.2667109,WWGI
"Hong Kong SAR, China",HKG,2017,1.618103,1.905391,1.722528,WWGI
Cook Islands,COK,2017,,,,WWGI
Fiji,FJI,2017,0.3450749,0.0698404,-0.2647003,WWGI
Georgia,GEO,2017,0.7407625,0.5757037,0.3208365,WWGI
India,IND,2017,-0.2419506,0.0868715,-0.0012233,WWGI
Indonesia,IDN,2017,-0.2548542,0.0383757,-0.349676,WWGI
Japan,JPN,2017,1.525538,1.619905,1.57062,WWGI
Kazakhstan,KAZ,2017,-0.820714,0.0036757,-0.4140919,WWGI
Kiribati,KIR,2017,0.3631015,-0.2675972,0.4754284,WWGI
Kyrgyz Republic,KGZ,2017,-1.056221,-0.7085057,-0.9245595,WWGI
Lao PDR,LAO,2017,-0.9369708,-0.3854913,-0.8810804,WWGI
Malaysia,MYS,2017,0.0590311,0.8348417,0.4976971,WWGI
Maldives,MDV,2017,-0.7923263,-0.4604082,-0.6224615,WWGI
Marshall Islands,MHL,2017,-0.0533027,-1.530098,0.092149,WWGI
"Micronesia, Fed. Sts.",FSM,2017,0.7213003,0.0467935,-0.0229299,WWGI
Mongolia,MNG,2017,-0.454145,-0.2675595,-0.306502,WWGI
Myanmar,MMR,2017,-0.565286,-1.046625,-0.9440181,WWGI
Nauru,NRU,2017,-0.4712846,-0.4331815,-0.7277977,WWGI
Nepal,NPL,2017,-0.7522711,-0.8836535,-0.677187,WWGI
New Zealand,NZL,2017,2.244731,1.769038,1.927889,WWGI
Papua New Guinea,PNG,2017,-0.9014524,-0.6654483,-0.823908,WWGI
Niue,NIU,2017,,,,WWGI
Pakistan,PAK,2017,-0.779681,-0.596828,-0.7241798,WWGI
Palau,PLW,2017,-0.4712846,-0.2280606,0.2858942,WWGI
Philippines,PHL,2017,-0.476546,-0.0546969,-0.417701,WWGI
Samoa,WSM,2017,0.6232969,0.5906206,0.8020398,WWGI
Singapore,SGP,2017,2.137123,2.223338,1.827708,WWGI
Solomon Islands,SLB,2017,0.0982467,-1.011195,-0.2301479,WWGI
"Korea, Rep.",KOR,2017,0.4832031,1.075108,1.167174,WWGI
Sri Lanka,LKA,2017,-0.4532179,-0.1512185,0.0484503,WWGI
"Taiwan, China",TWN,2017,0.9674955,1.266099,1.141149,WWGI
Tajikistan,TJK,2017,-1.331715,-1.107547,-1.349738,WWGI
Thailand,THA,2017,-0.3881467,0.3820223,0.0373115,WWGI
Timor-Leste,TLS,2017,-0.543368,-0.9976667,-1.162094,WWGI
Tonga,TON,2017,-0.182631,-0.2221107,0.2669213,WWGI
Turkmenistan,TKM,2017,-1.475602,-1.214653,-1.481706,WWGI
Tuvalu,TUV,2017,0.035612,-0.74608,0.5117167,WWGI
Uzbekistan,UZB,2017,-1.157735,-0.5541742,-1.106031,WWGI
Vanuatu,VUT,2017,-0.0056426,-0.8916905,0.445055,WWGI
Vietnam,VNM,2017,-0.5843227,0.0056701,0.0623794,WWGI
Afghanistan,AFG,2018,-1.487624,-1.453096,-1.664038,WWGI
Armenia,ARM,2018,-0.3475996,-0.0284142,-0.1494592,WWGI
Australia,AUS,2018,1.805214,1.595232,1.715382,WWGI
Azerbaijan,AZE,2018,-0.8364836,-0.158052,-0.587534,WWGI
Bangladesh,BGD,2018,-0.8999589,-0.7402487,-0.6409807,WWGI
Bhutan,BTN,2018,1.640953,0.3601472,0.5493638,WWGI
Brunei Darussalam,BRN,2018,0.7959561,1.251249,0.6293485,WWGI
Cambodia,KHM,2018,-1.311975,-0.5602662,-1.112072,WWGI
China,CHN,2018,-0.2679587,0.4792704,-0.2028825,WWGI
"Hong Kong SAR, China",HKG,2018,1.675505,1.902525,1.7715,WWGI
Cook Islands,COK,2018,,,,WWGI
Fiji,FJI,2018,0.3971153,0.2850353,-0.1363209,WWGI
Georgia,GEO,2018,0.7094994,0.611771,0.3277741,WWGI
India,IND,2018,-0.1834787,0.2842539,0.0256504,WWGI
Indonesia,IDN,2018,-0.2497392,0.1805828,-0.315493,WWGI
Japan,JPN,2018,1.425326,1.674601,1.53421,WWGI
Kazakhstan,KAZ,2018,-0.4953896,0.0217261,-0.4295568,WWGI
Kiribati,KIR,2018,0.3398819,-0.2469959,0.4763226,WWGI
Kyrgyz Republic,KGZ,2018,-0.9493044,-0.6072606,-0.9044659,WWGI
Lao PDR,LAO,2018,-0.9758381,-0.6694068,-0.8390376,WWGI
Malaysia,MYS,2018,0.3161213,1.075026,0.6233432,WWGI
Maldives,MDV,2018,-0.8770269,-0.4691004,-0.5461846,WWGI
Marshall Islands,MHL,2018,-0.0780323,-1.485737,-0.0482662,WWGI
"Micronesia, Fed. Sts.",FSM,2018,0.7007195,-0.1060019,-0.0299164,WWGI
Mongolia,MNG,2018,-0.4238776,-0.2292289,-0.2673786,WWGI
Myanmar,MMR,2018,-0.5807476,-1.065393,-1.033026,WWGI
Nauru,NRU,2018,-0.5525867,-0.0789918,-0.6907547,WWGI
Nepal,NPL,2018,-0.6708352,-0.8982426,-0.4775418,WWGI
New Zealand,NZL,2018,2.174655,1.669032,1.876398,WWGI
Papua New Guinea,PNG,2018,-0.8735843,-0.6704652,-0.7689355,WWGI
Niue,NIU,2018,,,,WWGI
Pakistan,PAK,2018,-0.785426,-0.6311114,-0.6735412,WWGI
Palau,PLW,2018,-0.5525867,-0.0143339,0.3066581,WWGI
Philippines,PHL,2018,-0.5422267,0.0531931,-0.4749934,WWGI
Samoa,WSM,2018,0.6334496,0.5919284,0.8072889,WWGI
Singapore,SGP,2018,2.174483,2.230585,1.844995,WWGI
Solomon Islands,SLB,2018,0.0072425,-1.018458,-0.2328003,WWGI
"Korea, Rep.",KOR,2018,0.6063476,1.181159,1.236651,WWGI
Sri Lanka,LKA,2018,-0.3320415,-0.232434,0.0257045,WWGI
"Taiwan, China",TWN,2018,1.028268,1.36093,1.112381,WWGI
Tajikistan,TJK,2018,-1.405362,-1.093717,-1.278814,WWGI
Thailand,THA,2018,-0.3968431,0.3478801,0.0227488,WWGI
Timor-Leste,TLS,2018,-0.4615829,-0.9660568,-1.127586,WWGI
Tonga,TON,2018,-0.0714803,0.1503263,0.384106,WWGI
Turkmenistan,TKM,2018,-1.499961,-1.282505,-1.465324,WWGI
Tuvalu,TUV,2018,0.0284043,-0.6643421,0.5117694,WWGI
Uzbekistan,UZB,2018,-1.061625,-0.54734,-1.069353,WWGI
Vanuatu,VUT,2018,-0.1547132,-0.4783626,0.3248068,WWGI
Vietnam,VNM,2018,-0.4807368,-0.0013799,-0.0036924,WWGI
Afghanistan,AFG,2019,-1.400733,-1.463065,-1.713714,WWGI
Armenia,ARM,2019,-0.1782838,-0.0666463,-0.13098,WWGI
Australia,AUS,2019,1.825413,1.571555,1.734473,WWGI
Azerbaijan,AZE,2019,-0.8379928,-0.1401703,-0.5771515,WWGI
Bangladesh,BGD,2019,-0.9934731,-0.7402849,-0.6363772,WWGI
Bhutan,BTN,2019,1.61838,0.3124391,0.5903587,WWGI
Brunei Darussalam,BRN,2019,0.8022829,1.317982,0.6143432,WWGI
Cambodia,KHM,2019,-1.279862,-0.58005,-0.9357082,WWGI
China,CHN,2019,-0.2951186,0.5170006,-0.2746037,WWGI
"Hong Kong SAR, China",HKG,2019,1.690355,1.740746,1.604442,WWGI
Cook Islands,COK,2019,,,,WWGI
Fiji,FJI,2019,0.5589681,0.1996178,-0.0251812,WWGI
Georgia,GEO,2019,0.7007192,0.8287399,0.3104377,WWGI
India,IND,2019,-0.2540472,0.1708809,-0.0304647,WWGI
Indonesia,IDN,2019,-0.4160329,0.1820512,-0.3424213,WWGI
Japan,JPN,2019,1.4672,1.586322,1.538249,WWGI
Kazakhstan,KAZ,2019,-0.30519,0.1240962,-0.4321694,WWGI
Kiribati,KIR,2019,0.3708637,-0.2388186,0.7393795,WWGI
Kyrgyz Republic,KGZ,2019,-0.9495352,-0.6816202,-0.8861678,WWGI
Lao PDR,LAO,2019,-1.05815,-0.7853428,-0.9408555,WWGI
Malaysia,MYS,2019,0.2520592,0.9974676,0.5916137,WWGI
Maldives,MDV,2019,-0.2628275,-0.1961802,-0.4102152,WWGI
Marshall Islands,MHL,2019,-0.0471655,-1.471939,-0.0309545,WWGI
"Micronesia, Fed. Sts.",FSM,2019,0.7507071,-0.1926782,0.0246855,WWGI
Mongolia,MNG,2019,-0.4290292,-0.1954342,-0.2661898,WWGI
Myanmar,MMR,2019,-0.614939,-1.14944,-1.063034,WWGI
Nauru,NRU,2019,-0.4486384,-0.1297272,-0.7639237,WWGI
Nepal,NPL,2019,-0.6739821,-1.045521,-0.5353847,WWGI
New Zealand,NZL,2019,2.170174,1.670557,1.885101,WWGI
Papua New Guinea,PNG,2019,-0.9914853,-0.8091748,-0.8012539,WWGI
Niue,NIU,2019,,,,WWGI
Pakistan,PAK,2019,-0.8666273,-0.6771356,-0.6674315,WWGI
Palau,PLW,2019,-0.4486384,-0.0456735,0.3144668,WWGI
Philippines,PHL,2019,-0.5730505,0.0520084,-0.4769835,WWGI
Samoa,WSM,2019,0.6398521,0.4351541,1.079298,WWGI
Singapore,SGP,2019,2.159583,2.220709,1.878919,WWGI
Solomon Islands,SLB,2019,-0.0071937,-0.9993162,-0.1392097,WWGI
"Korea, Rep.",KOR,2019,0.7374385,1.376088,1.194278,WWGI
Sri Lanka,LKA,2019,-0.2891587,-0.1143393,-0.0118801,WWGI
"Taiwan, China",TWN,2019,1.052174,1.43642,1.141316,WWGI
Tajikistan,TJK,2019,-1.320806,-1.048751,-1.227982,WWGI
Thailand,THA,2019,-0.4113744,0.3565671,0.1031694,WWGI
Timor-Leste,TLS,2019,-0.3830416,-0.8858545,-1.11124,WWGI
Tonga,TON,2019,-0.3470466,0.1606909,0.460519,WWGI
Turkmenistan,TKM,2019,-1.510924,-1.157497,-1.415011,WWGI
Tuvalu,TUV,2019,0.4090157,-0.6488501,0.4823242,WWGI
Uzbekistan,UZB,2019,-1.025923,-0.5141267,-1.048056,WWGI
Vanuatu,VUT,2019,-0.2589588,-0.5476381,0.1790091,WWGI
Vietnam,VNM,2019,-0.5156115,0.0383097,-0.0165804,WWGI
Afghanistan,AFG,2020,-1.475405,-1.523115,-1.807697,WWGI
Armenia,ARM,2020,0.031597,-0.1242361,-0.0832231,WWGI
Australia,AUS,2020,1.665165,1.619163,1.651188,WWGI
Azerbaijan,AZE,2020,-1.048197,-0.1702325,-0.6910434,WWGI
Bangladesh,BGD,2020,-0.9782742,-0.7878783,-0.5731802,WWGI
Bhutan,BTN,2020,1.648439,0.3731863,0.5941438,WWGI
Brunei Darussalam,BRN,2020,1.28122,1.438427,0.9311345,WWGI
Cambodia,KHM,2020,-1.231246,-0.4194071,-0.9458001,WWGI
China,CHN,2020,-0.0658865,0.6479592,-0.0595887,WWGI
"Hong Kong SAR, China",HKG,2020,1.649827,1.662403,1.590243,WWGI
Cook Islands,COK,2020,,,,WWGI
Fiji,FJI,2020,0.6391488,0.3018749,0.1097826,WWGI
Georgia,GEO,2020,0.5959197,0.787501,0.2859657,WWGI
India,IND,2020,-0.2448308,0.3865438,-0.0177096,WWGI
Indonesia,IDN,2020,-0.3974239,0.3691624,-0.3387444,WWGI
Japan,JPN,2020,1.49587,1.596166,1.525137,WWGI
Kazakhstan,KAZ,2020,-0.3914681,0.1555083,-0.3961428,WWGI
Kiribati,KIR,2020,0.4503273,-0.1362213,0.8797514,WWGI
Kyrgyz Republic,KGZ,2020,-1.110902,-0.5401577,-0.9265748,WWGI
Lao PDR,LAO,2020,-1.068325,-0.7660105,-0.8496245,WWGI
Malaysia,MYS,2020,0.2494959,1.041389,0.6586787,WWGI
Maldives,MDV,2020,-0.3392963,-0.1140211,-0.3330472,WWGI
Marshall Islands,MHL,2020,-0.027704,-1.406187,0.0045259,WWGI
"Micronesia, Fed. Sts.",FSM,2020,0.8805574,-0.0826501,0.0900509,WWGI
Mongolia,MNG,2020,-0.463969,-0.3437614,-0.263761,WWGI
Myanmar,MMR,2020,-0.6537105,-0.9965181,-1.17882,WWGI
Nauru,NRU,2020,-0.4629044,-0.0764715,-0.7466934,WWGI
Nepal,NPL,2020,-0.5777507,-0.9444261,-0.4909703,WWGI
New Zealand,NZL,2020,2.150458,1.589406,1.883367,WWGI
Papua New Guinea,PNG,2020,-0.5739502,-0.8467313,-0.7197714,WWGI
Niue,NIU,2020,,,,WWGI
Pakistan,PAK,2020,-0.8403147,-0.5459959,-0.6917597,WWGI
Palau,PLW,2020,-0.4629044,-0.0465997,-0.1902315,WWGI
Philippines,PHL,2020,-0.4816633,0.0608745,-0.5518214,WWGI
Samoa,WSM,2020,0.6941885,0.5234683,0.8797514,WWGI
Singapore,SGP,2020,2.151986,2.3353,1.880382,WWGI
Solomon Islands,SLB,2020,0.0968989,-0.9127187,-0.0995416,WWGI
"Korea, Rep.",KOR,2020,0.7280666,1.415869,1.183163,WWGI
Sri Lanka,LKA,2020,-0.31243,-0.0702101,-0.0452499,WWGI
"Taiwan, China",TWN,2020,1.156046,1.585903,1.270575,WWGI
Tajikistan,TJK,2020,-1.320146,-0.7100464,-1.217985,WWGI
Thailand,THA,2020,-0.4222212,0.3007005,0.1213088,WWGI
Timor-Leste,TLS,2020,-0.3236951,-0.80157,-1.172515,WWGI
Tonga,TON,2020,-0.3533451,0.1563914,0.4389693,WWGI
Turkmenistan,TKM,2020,-1.542138,-1.157503,-1.406723,WWGI
Tuvalu,TUV,2020,0.4863857,-0.6513966,0.5269589,WWGI
Uzbekistan,UZB,2020,-1.050585,-0.507029,-1.062817,WWGI
Vanuatu,VUT,2020,-0.148917,-0.4613378,0.2397133,WWGI
Vietnam,VNM,2020,-0.3527095,0.2003077,-0.133932,WWGI